,Value,county,state
0,0.0,Aleutians East,AK
1,0.0,Aleutians West,AK
2,125.4,Anchorage,AK
3,191.4,Bethel,AK
4,0.0,Bristol Bay,AK
5,0.0,Denali,AK
6,219.4,Dillingham,AK
7,140.9,Fairbanks North Star,AK
8,0.0,Haines,AK
9,0.0,Hoonah-Angoon,AK
10,141.1,Juneau,AK
11,153.1,Kenai Peninsula,AK
12,134.0,Ketchikan Gateway,AK
13,134.4,Kodiak Island,AK
14,0.0,Lake and Peninsula,AK
15,115.6,Matanuska-Susitna,AK
16,257.2,Nome,AK
17,165.9,North Slope,AK
18,223.0,Northwest Arctic,AK
19,0.0,Petersburg,AK
20,183.0,Prince of Wales-Hyder,AK
21,149.5,Sitka,AK
22,0.0,Skagway,AK
23,151.0,Southeast Fairbanks,AK
24,110.4,Valdez-Cordova,AK
25,0.0,Kusilvak,AK
26,0.0,Wrangell,AK
27,0.0,Yakutat,AK
28,155.7,Yukon-Koyukuk,AK
29,112.2,Alameda,CA
30,153.0,Amador,CA
31,176.8,Butte,CA
32,149.8,Calaveras,CA
33,159.4,Colusa,CA
34,110.0,Contra Costa,CA
35,158.0,Del Norte,CA
36,130.9,El Dorado,CA
37,180.6,Glenn,CA
38,169.9,Humboldt,CA
39,174.3,Kings,CA
40,174.3,Lake,CA
41,161.5,Lassen,CA
42,92.7,Marin,CA
43,181.6,Mariposa,CA
44,146.3,Mendocino,CA
45,166.8,Merced,CA
46,165.6,Modoc,CA
47,107.4,Monterey,CA
48,133.6,Napa,CA
49,136.3,Nevada,CA
50,125.7,Placer,CA
51,129.2,Plumas,CA
52,151.7,Sacramento,CA
53,125.2,San Benito,CA
54,109.5,San Francisco,CA
55,158.9,San Joaquin,CA
56,123.8,San Luis Obispo,CA
57,109.5,San Mateo,CA
58,130.6,Santa Barbara,CA
59,99.7,Santa Clara,CA
60,113.4,Santa Cruz,CA
61,196.6,Shasta,CA
62,178.3,Sierra,CA
63,180.9,Siskiyou,CA
64,123.4,Solano,CA
65,128.9,Sonoma,CA
66,186.9,Stanislaus,CA
67,161.6,Sutter,CA
68,190.1,Tehama,CA
69,152.5,Trinity,CA
70,165.7,Tuolumne,CA
71,123.9,Yolo,CA
72,207.8,Yuba,CA
73,148.9,Hawaii,HI
74,126.9,Honolulu,HI
75,0.0,Kalawao,HI
76,112.2,Kauai,HI
77,112.5,Maui,HI
78,109.4,Benton,OR
79,117.7,Clackamas,OR
80,162.4,Clatsop,OR
81,158.3,Columbia,OR
82,177.3,Coos,OR
83,170.4,Crook,OR
84,170.8,Curry,OR
85,128.0,Deschutes,OR
86,140.0,Douglas,OR
87,0.0,Gilliam,OR
88,159.3,Hood River,OR
89,123.4,Jackson,OR
90,150.4,Jefferson,OR
91,128.5,Josephine,OR
92,166.2,Klamath,OR
93,119.4,Lake,OR
94,126.7,Lane,OR
95,142.6,Lincoln,OR
96,160.5,Linn,OR
97,129.9,Marion,OR
98,137.1,Multnomah,OR
99,110.8,Polk,OR
100,208.3,Sherman,OR
101,131.8,Tillamook,OR
102,175.8,Wasco,OR
103,112.1,Washington,OR
104,0.0,Wheeler,OR
105,149.3,Yamhill,OR
106,115.0,Chelan,WA
107,129.1,Clallam,WA
108,138.6,Clark,WA
109,178.0,Cowlitz,WA
110,159.8,Grays Harbor,WA
111,134.7,Island,WA
112,119.7,Jefferson,WA
113,116.1,King,WA
114,143.4,Kitsap,WA
115,133.5,Kittitas,WA
116,107.0,Klickitat,WA
117,185.0,Lewis,WA
118,149.5,Mason,WA
119,144.8,Okanogan,WA
120,238.0,Pacific,WA
121,165.6,Pierce,WA
122,62.9,San Juan,WA
123,132.3,Skagit,WA
124,114.7,Skamania,WA
125,131.3,Snohomish,WA
126,132.8,Thurston,WA
127,127.8,Wahkiakum,WA
128,125.0,Whatcom,WA
129,188.0,Yakima,WA
130,149.2,Apache,AZ
131,162.7,Cochise,AZ
132,125.8,Coconino,AZ
133,203.5,Gila,AZ
134,151.9,Graham,AZ
135,149.8,Greenlee,AZ
136,186.6,La Paz,AZ
137,133.6,Maricopa,AZ
138,225.3,Mohave,AZ
139,140.5,Navajo,AZ
140,138.9,Pima,AZ
141,119.4,Pinal,AZ
142,109.4,Santa Cruz,AZ
143,140.8,Yavapai,AZ
144,123.3,Yuma,AZ
145,0.0,Alpine,CA
146,168.2,Fresno,CA
147,137.3,Imperial,CA
148,121.9,Inyo,CA
149,196.1,Kern,CA
150,149.3,Los Angeles,CA
151,145.2,Madera,CA
152,63.3,Mono,CA
153,130.7,Orange,CA
154,173.2,Riverside,CA
155,185.4,San Bernardino,CA
156,129.1,San Diego,CA
157,188.0,Tulare,CA
158,130.7,Ventura,CA
159,101.0,Archuleta,CO
160,164.0,Delta,CO
161,0.0,Dolores,CO
162,115.1,Garfield,CO
163,78.7,Gunnison,CO
164,0.0,Hinsdale,CO
165,126.4,La Plata,CO
166,167.0,Mesa,CO
167,0.0,Mineral,CO
168,130.6,Moffat,CO
169,139.0,Montezuma,CO
170,145.6,Montrose,CO
171,0.0,Ouray,CO
172,45.8,Pitkin,CO
173,134.8,Rio Blanco,CO
174,80.9,Routt,CO
175,0.0,San Juan,CO
176,0.0,San Miguel,CO
177,147.6,Ada,ID
178,204.8,Bannock,ID
179,193.3,Bear Lake,ID
180,189.9,Bingham,ID
181,71.8,Blaine,ID
182,107.8,Boise,ID
183,187.8,Bonneville,ID
184,157.4,Butte,ID
185,0.0,Camas,ID
186,181.7,Canyon,ID
187,141.9,Caribou,ID
188,166.4,Cassia,ID
189,0.0,Clark,ID
190,115.8,Custer,ID
191,183.1,Elmore,ID
192,134.0,Franklin,ID
193,178.1,Fremont,ID
194,183.7,Gem,ID
195,185.9,Gooding,ID
196,163.4,Jefferson,ID
197,174.1,Jerome,ID
198,176.0,Lincoln,ID
199,225.8,Madison,ID
200,145.2,Minidoka,ID
201,186.6,Oneida,ID
202,165.4,Owyhee,ID
203,170.4,Payette,ID
204,130.9,Power,ID
205,124.0,Teton,ID
206,148.8,Twin Falls,ID
207,175.9,Washington,ID
208,216.9,Churchill,NV
209,203.5,Clark,NV
210,124.3,Douglas,NV
211,154.2,Elko,NV
212,0.0,Esmeralda,NV
213,0.0,Eureka,NV
214,175.3,Humboldt,NV
215,191.6,Lander,NV
216,127.0,Lincoln,NV
217,182.9,Lyon,NV
218,176.7,Mineral,NV
219,267.5,Nye,NV
220,147.4,Pershing,NV
221,0.0,Storey,NV
222,187.7,Washoe,NV
223,181.8,White Pine,NV
224,190.8,Carson City,NV
225,155.6,Catron,NM
226,158.1,Cibola,NM
227,125.5,DoÃ±a Ana,NM
228,149.9,Grant,NM
229,220.3,Hidalgo,NM
230,198.5,Luna,NM
231,138.8,McKinley,NM
232,130.3,Sandoval,NM
233,137.7,San Juan,NM
234,244.1,Sierra,NM
235,177.2,Socorro,NM
236,152.6,Valencia,NM
237,141.1,Grant,OR
238,142.3,Harney,OR
239,200.0,Malheur,OR
240,212.5,Beaver,UT
241,189.5,Box Elder,UT
242,142.3,Cache,UT
243,248.5,Carbon,UT
244,0.0,Daggett,UT
245,156.3,Davis,UT
246,161.8,Duchesne,UT
247,225.0,Emery,UT
248,192.8,Garfield,UT
249,124.5,Grand,UT
250,132.2,Iron,UT
251,151.7,Juab,UT
252,151.3,Kane,UT
253,104.5,Millard,UT
254,165.6,Morgan,UT
255,0.0,Piute,UT
256,0.0,Rich,UT
257,147.5,Salt Lake,UT
258,99.2,San Juan,UT
259,144.6,Sanpete,UT
260,157.3,Sevier,UT
261,101.2,Summit,UT
262,152.1,Tooele,UT
263,184.1,Uintah,UT
264,156.5,Utah,UT
265,161.4,Wasatch,UT
266,108.6,Washington,UT
267,0.0,Wayne,UT
268,172.0,Weber,UT
269,206.4,Big Horn,WY
270,163.5,Carbon,WY
271,170.5,Fremont,WY
272,204.1,Hot Springs,WY
273,158.1,Lincoln,WY
274,155.5,Natrona,WY
275,146.0,Park,WY
276,124.2,Sublette,WY
277,184.8,Sweetwater,WY
278,68.8,Teton,WY
279,177.1,Uinta,WY
280,134.2,Washakie,WY
281,205.4,De Soto,LA
282,287.5,Anderson,TX
283,193.4,Angelina,TX
284,185.0,Aransas,TX
285,198.7,Atascosa,TX
286,190.0,Austin,TX
287,127.3,Bandera,TX
288,178.3,Bastrop,TX
289,225.4,Bee,TX
290,159.3,Bell,TX
291,171.5,Bexar,TX
292,157.2,Blanco,TX
293,222.2,Bosque,TX
294,169.6,Brazoria,TX
295,155.2,Brazos,TX
296,126.8,Brewster,TX
297,219.8,Brooks,TX
298,195.4,Brown,TX
299,336.9,Burleson,TX
300,143.5,Burnet,TX
301,194.2,Caldwell,TX
302,175.1,Calhoun,TX
303,149.1,Cameron,TX
304,219.5,Chambers,TX
305,248.6,Cherokee,TX
306,162.4,Coke,TX
307,233.9,Coleman,TX
308,215.1,Colorado,TX
309,161.1,Comal,TX
310,248.5,Comanche,TX
311,157.1,Concho,TX
312,194.1,Coryell,TX
313,0.0,Crane,TX
314,331.1,Crockett,TX
315,0.0,Culberson,TX
316,184.5,DeWitt,TX
317,157.4,Dimmit,TX
318,207.4,Duval,TX
319,213.5,Ector,TX
320,0.0,Edwards,TX
321,142.6,El Paso,TX
322,204.9,Falls,TX
323,193.1,Fayette,TX
324,122.9,Fort Bend,TX
325,190.0,Freestone,TX
326,221.4,Frio,TX
327,172.9,Galveston,TX
328,144.1,Gillespie,TX
329,0.0,Glasscock,TX
330,188.2,Goliad,TX
331,173.2,Gonzales,TX
332,213.5,Grimes,TX
333,162.1,Guadalupe,TX
334,175.2,Hamilton,TX
335,227.2,Hardin,TX
336,160.2,Harris,TX
337,135.5,Hays,TX
338,144.4,Hidalgo,TX
339,194.9,Hill,TX
340,234.2,Houston,TX
341,153.5,Hudspeth,TX
342,0.0,Irion,TX
343,236.9,Jackson,TX
344,235.6,Jasper,TX
345,0.0,Jeff Davis,TX
346,238.3,Jefferson,TX
347,164.6,Jim Hogg,TX
348,274.2,Jim Wells,TX
349,241.2,Karnes,TX
350,157.4,Kendall,TX
351,0.0,Kenedy,TX
352,149.0,Kerr,TX
353,239.1,Kimble,TX
354,123.5,Kinney,TX
355,258.9,Kleberg,TX
356,131.4,Lampasas,TX
357,206.0,La Salle,TX
358,188.3,Lavaca,TX
359,172.1,Lee,TX
360,167.6,Leon,TX
361,277.8,Liberty,TX
362,216.0,Limestone,TX
363,155.9,Live Oak,TX
364,133.5,Llano,TX
365,0.0,Loving,TX
366,206.7,McCulloch,TX
367,177.2,McLennan,TX
368,0.0,McMullen,TX
369,210.7,Madison,TX
370,130.4,Mason,TX
371,220.6,Matagorda,TX
372,166.0,Maverick,TX
373,193.8,Medina,TX
374,262.9,Menard,TX
375,176.4,Midland,TX
376,180.5,Milam,TX
377,157.3,Mills,TX
378,166.4,Montgomery,TX
379,169.1,Nacogdoches,TX
380,208.8,Navarro,TX
381,286.9,Newton,TX
382,158.3,Nueces,TX
383,282.0,Orange,TX
384,148.1,Pecos,TX
385,264.3,Polk,TX
386,82.7,Presidio,TX
387,234.1,Reagan,TX
388,258.2,Real,TX
389,210.6,Reeves,TX
390,195.6,Refugio,TX
391,245.7,Robertson,TX
392,196.1,Runnels,TX
393,251.2,Sabine,TX
394,168.8,San Augustine,TX
395,201.2,San Jacinto,TX
396,175.6,San Patricio,TX
397,165.9,San Saba,TX
398,0.0,Schleicher,TX
399,212.4,Shelby,TX
400,171.0,Starr,TX
401,0.0,Sterling,TX
402,142.9,Sutton,TX
403,0.0,Terrell,TX
404,166.5,Tom Green,TX
405,115.4,Travis,TX
406,267.1,Trinity,TX
407,247.6,Tyler,TX
408,230.0,Upton,TX
409,176.3,Uvalde,TX
410,179.1,Val Verde,TX
411,175.2,Victoria,TX
412,163.5,Walker,TX
413,186.3,Waller,TX
414,244.9,Ward,TX
415,129.1,Washington,TX
416,146.7,Webb,TX
417,218.8,Wharton,TX
418,175.2,Willacy,TX
419,122.1,Williamson,TX
420,154.4,Wilson,TX
421,291.9,Winkler,TX
422,141.3,Zapata,TX
423,253.7,Zavala,TX
424,168.5,Benton,AR
425,193.7,Crawford,AR
426,251.2,Franklin,AR
427,265.3,Hempstead,AR
428,316.1,Howard,AR
429,230.5,Little River,AR
430,219.5,Logan,AR
431,319.2,Madison,AR
432,210.4,Miller,AR
433,238.1,Polk,AR
434,232.3,Scott,AR
435,205.3,Sebastian,AR
436,216.2,Sevier,AR
437,321.6,Washington,AR
438,132.9,Adams,CO
439,197.8,Alamosa,CO
440,115.2,Arapahoe,CO
441,131.2,Baca,CO
442,176.0,Bent,CO
443,102.2,Boulder,CO
444,94.0,Broomfield,CO
445,113.7,Chaffee,CO
446,0.0,Cheyenne,CO
447,108.9,Clear Creek,CO
448,194.8,Conejos,CO
449,117.0,Costilla,CO
450,155.4,Crowley,CO
451,98.2,Custer,CO
452,135.1,Denver,CO
453,83.8,Douglas,CO
454,62.1,Eagle,CO
455,136.2,Elbert,CO
456,138.2,El Paso,CO
457,167.1,Fremont,CO
458,130.1,Gilpin,CO
459,76.5,Grand,CO
460,164.3,Huerfano,CO
461,0.0,Jackson,CO
462,135.2,Jefferson,CO
463,0.0,Kiowa,CO
464,133.5,Kit Carson,CO
465,0.0,Lake,CO
466,113.5,Larimer,CO
467,168.7,Las Animas,CO
468,165.9,Lincoln,CO
469,161.4,Logan,CO
470,141.7,Morgan,CO
471,211.9,Otero,CO
472,106.7,Park,CO
473,140.8,Phillips,CO
474,152.5,Prowers,CO
475,122.1,Pueblo,CO
476,160.0,Rio Grande,CO
477,133.7,Saguache,CO
478,226.5,Sedgwick,CO
479,51.1,Summit,CO
480,136.4,Teller,CO
481,145.3,Washington,CO
482,123.5,Weld,CO
483,104.1,Yuma,CO
484,174.4,Adair,IA
485,199.3,Adams,IA
486,157.3,Audubon,IA
487,178.0,Boone,IA
488,170.5,Buena Vista,IA
489,174.0,Calhoun,IA
490,145.4,Carroll,IA
491,213.6,Cass,IA
492,172.9,Cherokee,IA
493,231.0,Clarke,IA
494,132.8,Clay,IA
495,150.6,Crawford,IA
496,120.0,Dallas,IA
497,164.3,Decatur,IA
498,158.6,Dickinson,IA
499,186.8,Emmet,IA
500,134.1,Fremont,IA
501,206.6,Greene,IA
502,139.6,Guthrie,IA
503,146.7,Hamilton,IA
504,147.8,Hancock,IA
505,158.4,Harrison,IA
506,204.4,Humboldt,IA
507,171.1,Ida,IA
508,182.5,Kossuth,IA
509,144.3,Lyon,IA
510,151.1,Madison,IA
511,121.6,Mills,IA
512,264.7,Monona,IA
513,210.8,Montgomery,IA
514,194.0,O'Brien,IA
515,163.7,Osceola,IA
516,199.9,Page,IA
517,137.8,Palo Alto,IA
518,118.7,Plymouth,IA
519,243.7,Pocahontas,IA
520,160.5,Pottawattamie,IA
521,175.2,Ringgold,IA
522,162.7,Sac,IA
523,132.9,Shelby,IA
524,107.0,Sioux,IA
525,208.1,Taylor,IA
526,227.6,Union,IA
527,226.5,Webster,IA
528,188.5,Winnebago,IA
529,147.1,Woodbury,IA
530,172.3,Wright,IA
531,186.8,Allen,KS
532,182.3,Anderson,KS
533,182.1,Atchison,KS
534,244.2,Barber,KS
535,177.9,Barton,KS
536,212.1,Bourbon,KS
537,213.6,Brown,KS
538,182.2,Butler,KS
539,194.7,Chase,KS
540,236.0,Chautauqua,KS
541,239.8,Cherokee,KS
542,179.2,Cheyenne,KS
543,171.9,Clark,KS
544,133.2,Clay,KS
545,204.1,Cloud,KS
546,191.2,Coffey,KS
547,0.0,Comanche,KS
548,178.7,Cowley,KS
549,198.7,Crawford,KS
550,174.1,Decatur,KS
551,174.4,Dickinson,KS
552,187.3,Doniphan,KS
553,144.2,Douglas,KS
554,165.8,Edwards,KS
555,246.7,Elk,KS
556,141.6,Ellis,KS
557,232.2,Ellsworth,KS
558,122.4,Finney,KS
559,177.8,Ford,KS
560,185.9,Franklin,KS
561,224.4,Geary,KS
562,175.5,Gove,KS
563,152.6,Graham,KS
564,201.7,Grant,KS
565,134.8,Gray,KS
566,0.0,Greeley,KS
567,227.5,Greenwood,KS
568,0.0,Hamilton,KS
569,144.3,Harper,KS
570,154.3,Harvey,KS
571,160.6,Haskell,KS
572,203.5,Hodgeman,KS
573,214.1,Jackson,KS
574,148.6,Jefferson,KS
575,0.0,Jewell,KS
576,116.9,Johnson,KS
577,0.0,Kearny,KS
578,309.2,Kingman,KS
579,0.0,Kiowa,KS
580,213.5,Labette,KS
581,0.0,Lane,KS
582,175.1,Leavenworth,KS
583,146.0,Lincoln,KS
584,175.0,Linn,KS
585,157.6,Logan,KS
586,174.2,Lyon,KS
587,146.5,McPherson,KS
588,148.5,Marion,KS
589,146.4,Marshall,KS
590,180.9,Meade,KS
591,161.3,Miami,KS
592,155.2,Mitchell,KS
593,278.5,Montgomery,KS
594,179.3,Morris,KS
595,249.3,Morton,KS
596,132.5,Nemaha,KS
597,208.1,Neosho,KS
598,133.7,Ness,KS
599,160.6,Norton,KS
600,163.0,Osage,KS
601,238.4,Osborne,KS
602,157.0,Ottawa,KS
603,205.1,Pawnee,KS
604,186.9,Phillips,KS
605,135.8,Pottawatomie,KS
606,164.1,Pratt,KS
607,167.8,Rawlins,KS
608,143.8,Reno,KS
609,139.8,Republic,KS
610,218.3,Rice,KS
611,140.6,Riley,KS
612,154.0,Rooks,KS
613,219.9,Rush,KS
614,144.9,Russell,KS
615,133.0,Saline,KS
616,137.9,Scott,KS
617,161.8,Sedgwick,KS
618,175.2,Seward,KS
619,160.3,Shawnee,KS
620,0.0,Sheridan,KS
621,148.0,Sherman,KS
622,176.2,Smith,KS
623,102.2,Stafford,KS
624,0.0,Stanton,KS
625,92.2,Stevens,KS
626,160.4,Sumner,KS
627,124.9,Thomas,KS
628,301.5,Trego,KS
629,139.2,Wabaunsee,KS
630,0.0,Wallace,KS
631,164.4,Washington,KS
632,0.0,Wichita,KS
633,209.2,Wilson,KS
634,161.5,Woodson,KS
635,171.0,Wyandotte,KS
636,170.9,Caddo,LA
637,129.0,Blue Earth,MN
638,104.5,Brown,MN
639,180.5,Cottonwood,MN
640,182.5,Faribault,MN
641,155.8,Jackson,MN
642,132.5,Le Sueur,MN
643,144.4,Lincoln,MN
644,111.2,Lyon,MN
645,141.9,Martin,MN
646,135.0,Murray,MN
647,108.8,Nicollet,MN
648,134.0,Nobles,MN
649,146.4,Pipestone,MN
650,150.4,Redwood,MN
651,165.4,Rock,MN
652,129.1,Sibley,MN
653,137.1,Watonwan,MN
654,146.9,Andrew,MO
655,154.1,Atchison,MO
656,244.5,Barry,MO
657,172.0,Barton,MO
658,215.9,Bates,MO
659,194.0,Buchanan,MO
660,147.7,Caldwell,MO
661,167.5,Cass,MO
662,255.5,Cedar,MO
663,142.9,Clay,MO
664,195.4,Clinton,MO
665,210.4,Dade,MO
666,207.0,Daviess,MO
667,182.3,DeKalb,MO
668,186.9,Gentry,MO
669,241.6,Harrison,MO
670,268.1,Henry,MO
671,133.0,Holt,MO
672,173.8,Jackson,MO
673,235.5,Jasper,MO
674,234.7,Johnson,MO
675,196.9,Lafayette,MO
676,210.4,Lawrence,MO
677,224.8,McDonald,MO
678,233.9,Newton,MO
679,187.7,Nodaway,MO
680,132.3,Platte,MO
681,229.4,Ray,MO
682,233.7,St. Clair,MO
683,244.5,Vernon,MO
684,0.0,Worth,MO
685,183.8,Adams,NE
686,196.6,Antelope,NE
687,0.0,Arthur,NE
688,0.0,Banner,NE
689,0.0,Blaine,NE
690,132.6,Boone,NE
691,170.1,Box Butte,NE
692,313.8,Boyd,NE
693,183.7,Brown,NE
694,139.7,Buffalo,NE
695,126.4,Burt,NE
696,146.8,Butler,NE
697,153.9,Cass,NE
698,131.8,Cedar,NE
699,161.5,Chase,NE
700,122.8,Cherry,NE
701,154.9,Cheyenne,NE
702,205.3,Clay,NE
703,117.6,Colfax,NE
704,138.3,Cuming,NE
705,174.0,Custer,NE
706,128.8,Dakota,NE
707,198.9,Dawes,NE
708,146.3,Dawson,NE
709,0.0,Deuel,NE
710,167.8,Dixon,NE
711,135.8,Dodge,NE
712,133.2,Douglas,NE
713,225.8,Dundy,NE
714,120.1,Fillmore,NE
715,155.0,Franklin,NE
716,0.0,Frontier,NE
717,167.2,Furnas,NE
718,153.2,Gage,NE
719,180.9,Garden,NE
720,222.8,Garfield,NE
721,0.0,Gosper,NE
722,0.0,Grant,NE
723,0.0,Greeley,NE
724,144.1,Hall,NE
725,107.9,Hamilton,NE
726,114.5,Harlan,NE
727,0.0,Hayes,NE
728,188.2,Hitchcock,NE
729,180.4,Holt,NE
730,0.0,Hooker,NE
731,146.7,Howard,NE
732,194.1,Jefferson,NE
733,217.1,Johnson,NE
734,161.2,Kearney,NE
735,128.5,Keith,NE
736,0.0,Keya Paha,NE
737,216.1,Kimball,NE
738,150.0,Knox,NE
739,132.7,Lancaster,NE
740,140.3,Lincoln,NE
741,0.0,Logan,NE
742,0.0,Loup,NE
743,0.0,McPherson,NE
744,171.2,Madison,NE
745,143.9,Merrick,NE
746,176.6,Morrill,NE
747,241.4,Nance,NE
748,171.6,Nemaha,NE
749,187.7,Nuckolls,NE
750,142.9,Otoe,NE
751,127.3,Pawnee,NE
752,127.9,Perkins,NE
753,143.8,Phelps,NE
754,112.2,Pierce,NE
755,154.4,Platte,NE
756,133.4,Polk,NE
757,153.4,Red Willow,NE
758,154.2,Richardson,NE
759,325.5,Rock,NE
760,204.9,Saline,NE
761,130.8,Sarpy,NE
762,152.7,Saunders,NE
763,144.3,Scotts Bluff,NE
764,152.2,Seward,NE
765,152.6,Sheridan,NE
766,147.6,Sherman,NE
767,0.0,Sioux,NE
768,137.1,Stanton,NE
769,204.0,Thayer,NE
770,0.0,Thomas,NE
771,287.9,Thurston,NE
772,136.7,Valley,NE
773,135.2,Washington,NE
774,140.7,Wayne,NE
775,170.3,Webster,NE
776,0.0,Wheeler,NE
777,179.7,York,NE
778,149.8,Bernalillo,NM
779,245.5,Chaves,NM
780,139.6,Colfax,NM
781,206.5,Curry,NM
782,0.0,De Baca,NM
783,202.7,Eddy,NM
784,223.3,Guadalupe,NM
785,0.0,Harding,NM
786,227.1,Lea,NM
787,145.6,Lincoln,NM
788,120.9,Los Alamos,NM
789,80.2,Mora,NM
790,166.8,Otero,NM
791,215.2,Quay,NM
792,123.2,Rio Arriba,NM
793,182.9,Roosevelt,NM
794,160.8,San Miguel,NM
795,104.9,Santa Fe,NM
796,110.0,Taos,NM
797,159.3,Torrance,NM
798,173.7,Union,NM
799,286.3,Adair,OK
800,170.4,Alfalfa,OK
801,295.6,Atoka,OK
802,264.7,Beaver,OK
803,202.9,Beckham,OK
804,229.4,Blaine,OK
805,205.7,Bryan,OK
806,252.2,Caddo,OK
807,174.3,Canadian,OK
808,246.5,Carter,OK
809,243.0,Cherokee,OK
810,312.0,Choctaw,OK
811,191.2,Cimarron,OK
812,169.3,Cleveland,OK
813,359.0,Coal,OK
814,217.0,Comanche,OK
815,195.1,Cotton,OK
816,319.3,Craig,OK
817,237.5,Creek,OK
818,246.2,Custer,OK
819,224.3,Delaware,OK
820,259.5,Dewey,OK
821,264.0,Ellis,OK
822,208.5,Garfield,OK
823,240.3,Garvin,OK
824,229.9,Grady,OK
825,244.3,Grant,OK
826,189.6,Greer,OK
827,218.6,Harmon,OK
828,170.7,Harper,OK
829,312.8,Haskell,OK
830,355.1,Hughes,OK
831,206.5,Jackson,OK
832,294.9,Jefferson,OK
833,227.5,Johnston,OK
834,228.5,Kay,OK
835,173.0,Kingfisher,OK
836,270.0,Kiowa,OK
837,234.9,Latimer,OK
838,275.2,Le Flore,OK
839,225.8,Lincoln,OK
840,172.4,Logan,OK
841,170.7,Love,OK
842,199.2,McClain,OK
843,285.3,McCurtain,OK
844,314.7,McIntosh,OK
845,221.9,Major,OK
846,175.2,Marshall,OK
847,267.5,Mayes,OK
848,250.1,Murray,OK
849,331.4,Muskogee,OK
850,225.2,Noble,OK
851,228.3,Nowata,OK
852,297.5,Okfuskee,OK
853,207.8,Oklahoma,OK
854,306.8,Okmulgee,OK
855,187.8,Osage,OK
856,319.4,Ottawa,OK
857,263.1,Pawnee,OK
858,195.0,Payne,OK
859,284.1,Pittsburg,OK
860,254.3,Pontotoc,OK
861,270.3,Pottawatomie,OK
862,286.1,Pushmataha,OK
863,179.3,Roger Mills,OK
864,252.7,Rogers,OK
865,327.5,Seminole,OK
866,272.7,Sequoyah,OK
867,246.2,Stephens,OK
868,260.5,Texas,OK
869,196.1,Tillman,OK
870,242.1,Tulsa,OK
871,207.9,Wagoner,OK
872,256.5,Washington,OK
873,250.6,Washita,OK
874,205.2,Woods,OK
875,230.9,Woodward,OK
876,165.9,Aurora,SD
877,123.2,Beadle,SD
878,250.4,Bennett,SD
879,115.7,Bon Homme,SD
880,139.1,Brookings,SD
881,209.3,Brule,SD
882,0.0,Buffalo,SD
883,184.8,Charles Mix,SD
884,200.8,Clay,SD
885,130.3,Custer,SD
886,159.5,Davison,SD
887,0.0,Douglas,SD
888,215.8,Fall River,SD
889,167.3,Gregory,SD
890,0.0,Haakon,SD
891,140.3,Hand,SD
892,0.0,Hanson,SD
893,143.9,Hughes,SD
894,153.7,Hutchinson,SD
895,0.0,Hyde,SD
896,259.3,Jackson,SD
897,182.4,Jerauld,SD
898,0.0,Jones,SD
899,154.7,Kingsbury,SD
900,166.2,Lake,SD
901,123.5,Lawrence,SD
902,114.8,Lincoln,SD
903,0.0,Lyman,SD
904,186.6,McCook,SD
905,144.5,Meade,SD
906,0.0,Mellette,SD
907,170.6,Miner,SD
908,162.8,Minnehaha,SD
909,187.3,Moody,SD
910,157.0,Pennington,SD
911,0.0,Sanborn,SD
912,0.0,Oglala Lakota,SD
913,0.0,Stanley,SD
914,242.8,Todd,SD
915,175.6,Tripp,SD
916,191.4,Turner,SD
917,103.9,Union,SD
918,148.2,Yankton,SD
919,229.9,Andrews,TX
920,153.7,Archer,TX
921,0.0,Armstrong,TX
922,183.0,Bailey,TX
923,210.0,Baylor,TX
924,0.0,Borden,TX
925,259.7,Bowie,TX
926,0.0,Briscoe,TX
927,207.6,Callahan,TX
928,196.4,Camp,TX
929,211.7,Carson,TX
930,242.0,Cass,TX
931,202.1,Castro,TX
932,211.5,Childress,TX
933,154.4,Clay,TX
934,0.0,Cochran,TX
935,122.4,Collin,TX
936,267.7,Collingsworth,TX
937,169.5,Cooke,TX
938,0.0,Cottle,TX
939,258.3,Crosby,TX
940,179.2,Dallam,TX
941,165.0,Dallas,TX
942,157.1,Dawson,TX
943,160.5,Deaf Smith,TX
944,262.1,Delta,TX
945,121.8,Denton,TX
946,0.0,Dickens,TX
947,194.4,Donley,TX
948,183.3,Eastland,TX
949,176.0,Ellis,TX
950,201.4,Erath,TX
951,269.5,Fannin,TX
952,136.0,Fisher,TX
953,146.8,Floyd,TX
954,0.0,Foard,TX
955,198.9,Franklin,TX
956,186.3,Gaines,TX
957,160.0,Garza,TX
958,261.2,Gray,TX
959,184.8,Grayson,TX
960,217.7,Gregg,TX
961,215.4,Hale,TX
962,179.6,Hall,TX
963,166.5,Hansford,TX
964,173.8,Hardeman,TX
965,204.2,Harrison,TX
966,137.8,Hartley,TX
967,184.2,Haskell,TX
968,168.4,Hemphill,TX
969,262.8,Henderson,TX
970,154.4,Hockley,TX
971,156.3,Hood,TX
972,244.6,Hopkins,TX
973,324.2,Howard,TX
974,229.2,Hunt,TX
975,307.6,Hutchinson,TX
976,231.2,Jack,TX
977,205.6,Johnson,TX
978,201.4,Jones,TX
979,225.3,Kaufman,TX
980,0.0,Kent,TX
981,0.0,King,TX
982,175.9,Knox,TX
983,249.9,Lamar,TX
984,208.4,Lamb,TX
985,184.8,Lipscomb,TX
986,203.9,Lubbock,TX
987,187.8,Lynn,TX
988,237.2,Marion,TX
989,208.3,Martin,TX
990,191.9,Mitchell,TX
991,214.3,Montague,TX
992,204.5,Moore,TX
993,234.5,Morris,TX
994,0.0,Motley,TX
995,212.4,Nolan,TX
996,299.4,Ochiltree,TX
997,0.0,Oldham,TX
998,244.5,Palo Pinto,TX
999,193.4,Panola,TX
1000,161.7,Parker,TX
1001,183.6,Parmer,TX
1002,250.9,Potter,TX
1003,229.7,Rains,TX
1004,194.1,Randall,TX
1005,254.7,Red River,TX
1006,0.0,Roberts,TX
1007,158.6,Rockwall,TX
1008,221.4,Rusk,TX
1009,158.9,Scurry,TX
1010,217.4,Shackelford,TX
1011,198.7,Sherman,TX
1012,236.4,Smith,TX
1013,124.7,Somervell,TX
1014,217.0,Stephens,TX
1015,254.6,Stonewall,TX
1016,170.2,Swisher,TX
1017,159.4,Tarrant,TX
1018,217.7,Taylor,TX
1019,274.8,Terry,TX
1020,0.0,Throckmorton,TX
1021,210.7,Titus,TX
1022,242.3,Upshur,TX
1023,223.3,Van Zandt,TX
1024,199.0,Wheeler,TX
1025,190.1,Wichita,TX
1026,180.0,Wilbarger,TX
1027,207.5,Wise,TX
1028,224.5,Wood,TX
1029,165.9,Yoakum,TX
1030,237.1,Young,TX
1031,145.6,Albany,WY
1032,185.7,Campbell,WY
1033,140.5,Converse,WY
1034,172.3,Crook,WY
1035,139.3,Goshen,WY
1036,166.5,Johnson,WY
1037,146.1,Laramie,WY
1038,0.0,Niobrara,WY
1039,136.1,Platte,WY
1040,145.9,Weston,WY
1041,104.0,Adams,ID
1042,211.4,Benewah,ID
1043,127.1,Bonner,ID
1044,145.8,Boundary,ID
1045,139.0,Clearwater,ID
1046,127.5,Idaho,ID
1047,159.0,Kootenai,ID
1048,123.9,Latah,ID
1049,125.4,Lemhi,ID
1050,119.2,Lewis,ID
1051,168.3,Nez Perce,ID
1052,195.4,Shoshone,ID
1053,82.4,Valley,ID
1054,113.6,Becker,MN
1055,142.0,Beltrami,MN
1056,126.9,Benton,MN
1057,166.9,Big Stone,MN
1058,97.1,Carver,MN
1059,127.5,Cass,MN
1060,170.0,Chippewa,MN
1061,128.0,Clay,MN
1062,115.0,Clearwater,MN
1063,109.1,Crow Wing,MN
1064,136.8,Douglas,MN
1065,183.4,Grant,MN
1066,104.8,Hubbard,MN
1067,135.5,Itasca,MN
1068,110.7,Kandiyohi,MN
1069,135.4,Kittson,MN
1070,119.2,Koochiching,MN
1071,141.9,Lac qui Parle,MN
1072,176.3,Lake of the Woods,MN
1073,132.0,McLeod,MN
1074,179.0,Mahnomen,MN
1075,133.3,Marshall,MN
1076,140.7,Meeker,MN
1077,105.4,Morrison,MN
1078,175.6,Norman,MN
1079,149.4,Otter Tail,MN
1080,165.7,Pennington,MN
1081,150.2,Polk,MN
1082,136.3,Pope,MN
1083,112.1,Red Lake,MN
1084,125.3,Renville,MN
1085,156.1,Roseau,MN
1086,108.5,Sherburne,MN
1087,101.6,Stearns,MN
1088,141.8,Stevens,MN
1089,145.1,Swift,MN
1090,116.9,Todd,MN
1091,163.1,Traverse,MN
1092,180.1,Wadena,MN
1093,182.8,Wilkin,MN
1094,119.2,Wright,MN
1095,129.4,Yellow Medicine,MN
1096,138.3,Beaverhead,MT
1097,181.0,Big Horn,MT
1098,193.3,Blaine,MT
1099,207.2,Broadwater,MT
1100,93.4,Carbon,MT
1101,227.6,Carter,MT
1102,153.8,Cascade,MT
1103,189.1,Chouteau,MT
1104,132.2,Custer,MT
1105,0.0,Daniels,MT
1106,80.4,Dawson,MT
1107,208.2,Deer Lodge,MT
1108,162.8,Fallon,MT
1109,189.8,Fergus,MT
1110,149.3,Flathead,MT
1111,136.3,Gallatin,MT
1112,0.0,Garfield,MT
1113,240.9,Glacier,MT
1114,0.0,Golden Valley,MT
1115,120.7,Granite,MT
1116,217.5,Hill,MT
1117,151.6,Jefferson,MT
1118,0.0,Judith Basin,MT
1119,157.6,Lake,MT
1120,145.3,Lewis and Clark,MT
1121,0.0,Liberty,MT
1122,171.8,Lincoln,MT
1123,0.0,McCone,MT
1124,103.4,Madison,MT
1125,0.0,Meagher,MT
1126,199.0,Mineral,MT
1127,158.3,Missoula,MT
1128,192.2,Musselshell,MT
1129,109.3,Park,MT
1130,0.0,Petroleum,MT
1131,120.0,Phillips,MT
1132,148.5,Pondera,MT
1133,173.4,Powder River,MT
1134,205.8,Powell,MT
1135,0.0,Prairie,MT
1136,140.2,Ravalli,MT
1137,153.7,Richland,MT
1138,258.0,Roosevelt,MT
1139,180.5,Rosebud,MT
1140,177.6,Sanders,MT
1141,0.0,Sheridan,MT
1142,217.9,Silver Bow,MT
1143,151.8,Stillwater,MT
1144,122.2,Sweet Grass,MT
1145,163.0,Teton,MT
1146,200.6,Toole,MT
1147,0.0,Treasure,MT
1148,209.0,Valley,MT
1149,233.9,Wheatland,MT
1150,0.0,Wibaux,MT
1151,165.3,Yellowstone,MT
1152,128.6,Adams,ND
1153,112.6,Barnes,ND
1154,218.9,Benson,ND
1155,0.0,Billings,ND
1156,201.7,Bottineau,ND
1157,148.6,Bowman,ND
1158,0.0,Burke,ND
1159,106.5,Burleigh,ND
1160,111.3,Cass,ND
1161,110.2,Cavalier,ND
1162,154.1,Dickey,ND
1163,0.0,Divide,ND
1164,154.9,Dunn,ND
1165,188.1,Eddy,ND
1166,144.4,Emmons,ND
1167,155.0,Foster,ND
1168,0.0,Golden Valley,ND
1169,154.6,Grand Forks,ND
1170,127.2,Grant,ND
1171,179.6,Griggs,ND
1172,0.0,Hettinger,ND
1173,151.6,Kidder,ND
1174,105.0,LaMoure,ND
1175,151.7,Logan,ND
1176,168.3,McHenry,ND
1177,178.9,McIntosh,ND
1178,182.6,McKenzie,ND
1179,138.1,McLean,ND
1180,143.7,Mercer,ND
1181,149.7,Morton,ND
1182,294.5,Mountrail,ND
1183,172.0,Nelson,ND
1184,0.0,Oliver,ND
1185,131.0,Pembina,ND
1186,160.1,Pierce,ND
1187,165.8,Ramsey,ND
1188,237.2,Ransom,ND
1189,226.9,Renville,ND
1190,151.5,Richland,ND
1191,198.2,Rolette,ND
1192,123.2,Sargent,ND
1193,0.0,Sheridan,ND
1194,318.5,Sioux,ND
1195,0.0,Slope,ND
1196,143.6,Stark,ND
1197,0.0,Steele,ND
1198,158.4,Stutsman,ND
1199,0.0,Towner,ND
1200,141.5,Traill,ND
1201,151.5,Walsh,ND
1202,127.2,Ward,ND
1203,137.6,Wells,ND
1204,164.0,Williams,ND
1205,155.3,Baker,OR
1206,136.2,Morrow,OR
1207,131.7,Umatilla,OR
1208,152.5,Union,OR
1209,173.5,Wallowa,OR
1210,140.6,Brown,SD
1211,165.7,Butte,SD
1212,0.0,Campbell,SD
1213,143.9,Clark,SD
1214,142.8,Codington,SD
1215,316.2,Corson,SD
1216,135.4,Day,SD
1217,150.5,Deuel,SD
1218,0.0,Dewey,SD
1219,146.6,Edmunds,SD
1220,0.0,Faulk,SD
1221,181.2,Grant,SD
1222,105.3,Hamlin,SD
1223,0.0,Harding,SD
1224,145.6,McPherson,SD
1225,136.4,Marshall,SD
1226,169.7,Perkins,SD
1227,110.1,Potter,SD
1228,168.7,Roberts,SD
1229,197.1,Spink,SD
1230,0.0,Sully,SD
1231,133.9,Walworth,SD
1232,0.0,Ziebach,SD
1233,144.7,Adams,WA
1234,137.0,Asotin,WA
1235,140.3,Benton,WA
1236,152.4,Columbia,WA
1237,132.8,Douglas,WA
1238,148.5,Ferry,WA
1239,122.9,Franklin,WA
1240,0.0,Garfield,WA
1241,165.5,Grant,WA
1242,164.2,Lincoln,WA
1243,173.6,Pend Oreille,WA
1244,136.3,Spokane,WA
1245,168.4,Stevens,WA
1246,125.1,Walla Walla,WA
1247,152.8,Whitman,WA
1248,146.9,Sheridan,WY
1249,186.1,Baldwin,AL
1250,253.8,Barbour,AL
1251,255.4,Bullock,AL
1252,234.5,Butler,AL
1253,297.2,Choctaw,AL
1254,253.5,Clarke,AL
1255,251.7,Coffee,AL
1256,213.4,Conecuh,AL
1257,263.4,Covington,AL
1258,245.2,Crenshaw,AL
1259,217.8,Dale,AL
1260,231.3,Escambia,AL
1261,238.5,Geneva,AL
1262,211.6,Henry,AL
1263,185.1,Houston,AL
1264,232.4,Mobile,AL
1265,196.1,Monroe,AL
1266,222.1,Pike,AL
1267,222.7,Washington,AL
1268,288.4,Wilcox,AL
1269,124.4,Alachua,FL
1270,195.8,Baker,FL
1271,191.7,Bay,FL
1272,173.3,Bradford,FL
1273,166.0,Brevard,FL
1274,200.4,Calhoun,FL
1275,123.4,Charlotte,FL
1276,207.6,Citrus,FL
1277,144.6,Clay,FL
1278,87.6,Collier,FL
1279,189.2,Columbia,FL
1280,133.1,DeSoto,FL
1281,189.6,Dixie,FL
1282,165.6,Duval,FL
1283,179.4,Escambia,FL
1284,142.8,Flagler,FL
1285,158.0,Franklin,FL
1286,158.8,Gadsden,FL
1287,140.1,Gilchrist,FL
1288,125.0,Glades,FL
1289,185.4,Gulf,FL
1290,228.7,Hamilton,FL
1291,137.0,Hardee,FL
1292,191.8,Hendry,FL
1293,172.2,Hernando,FL
1294,147.1,Highlands,FL
1295,163.2,Hillsborough,FL
1296,237.0,Holmes,FL
1297,128.4,Indian River,FL
1298,195.4,Jackson,FL
1299,177.7,Jefferson,FL
1300,184.4,Lafayette,FL
1301,150.8,Lake,FL
1302,113.7,Lee,FL
1303,140.6,Leon,FL
1304,186.0,Levy,FL
1305,237.0,Liberty,FL
1306,209.5,Madison,FL
1307,132.1,Manatee,FL
1308,203.1,Marion,FL
1309,143.8,Monroe,FL
1310,153.1,Nassau,FL
1311,152.6,Okaloosa,FL
1312,217.6,Okeechobee,FL
1313,147.1,Orange,FL
1314,165.6,Osceola,FL
1315,153.6,Pasco,FL
1316,141.5,Pinellas,FL
1317,159.6,Polk,FL
1318,170.8,Putnam,FL
1319,114.7,St. Johns,FL
1320,163.3,Santa Rosa,FL
1321,106.9,Sarasota,FL
1322,139.5,Seminole,FL
1323,135.5,Sumter,FL
1324,200.8,Suwannee,FL
1325,177.3,Taylor,FL
1326,292.9,Union,FL
1327,179.5,Volusia,FL
1328,187.4,Wakulla,FL
1329,158.7,Walton,FL
1330,278.7,Washington,FL
1331,246.3,Appling,GA
1332,241.0,Atkinson,GA
1333,301.9,Bacon,GA
1334,222.3,Baker,GA
1335,241.9,Ben Hill,GA
1336,231.9,Berrien,GA
1337,224.2,Brantley,GA
1338,190.3,Brooks,GA
1339,187.6,Bryan,GA
1340,189.8,Calhoun,GA
1341,210.6,Camden,GA
1342,153.3,Charlton,GA
1343,183.4,Chatham,GA
1344,219.5,Clay,GA
1345,407.9,Clinch,GA
1346,232.8,Coffee,GA
1347,187.1,Colquitt,GA
1348,244.9,Cook,GA
1349,177.9,Crisp,GA
1350,237.0,Decatur,GA
1351,165.5,Dougherty,GA
1352,283.6,Early,GA
1353,0.0,Echols,GA
1354,182.5,Glynn,GA
1355,206.7,Grady,GA
1356,208.4,Irwin,GA
1357,297.7,Jeff Davis,GA
1358,164.7,Lanier,GA
1359,172.7,Lee,GA
1360,174.7,Liberty,GA
1361,178.3,Long,GA
1362,201.4,Lowndes,GA
1363,129.2,McIntosh,GA
1364,245.1,Miller,GA
1365,219.1,Mitchell,GA
1366,215.0,Pierce,GA
1367,0.0,Quitman,GA
1368,190.9,Randolph,GA
1369,258.8,Seminole,GA
1370,207.8,Stewart,GA
1371,218.3,Sumter,GA
1372,240.6,Tattnall,GA
1373,119.7,Telfair,GA
1374,182.2,Terrell,GA
1375,189.7,Thomas,GA
1376,227.6,Tift,GA
1377,234.5,Turner,GA
1378,245.0,Ware,GA
1379,198.9,Wayne,GA
1380,0.0,Webster,GA
1381,172.9,Wheeler,GA
1382,187.8,Wilcox,GA
1383,160.0,Worth,GA
1384,247.7,Acadia,LA
1385,227.1,Allen,LA
1386,189.9,Ascension,LA
1387,206.3,Assumption,LA
1388,254.1,Avoyelles,LA
1389,283.9,Beauregard,LA
1390,297.4,Calcasieu,LA
1391,381.1,Caldwell,LA
1392,195.7,Cameron,LA
1393,317.7,Catahoula,LA
1394,272.6,Concordia,LA
1395,211.2,East Baton Rouge,LA
1396,310.2,East Feliciana,LA
1397,221.6,Evangeline,LA
1398,207.8,Grant,LA
1399,261.3,Iberia,LA
1400,173.4,Iberville,LA
1401,175.4,Jefferson,LA
1402,265.7,Jefferson Davis,LA
1403,198.6,Lafayette,LA
1404,182.9,Lafourche,LA
1405,162.8,La Salle,LA
1406,204.4,Livingston,LA
1407,217.6,Natchitoches,LA
1408,188.7,Orleans,LA
1409,186.7,Plaquemines,LA
1410,253.1,Pointe Coupee,LA
1411,289.8,Rapides,LA
1412,198.4,Red River,LA
1413,190.7,Sabine,LA
1414,204.0,St. Bernard,LA
1415,192.4,St. Charles,LA
1416,151.9,St. Helena,LA
1417,184.2,St. James,LA
1418,242.6,St. John the Baptist,LA
1419,290.6,St. Landry,LA
1420,250.6,St. Martin,LA
1421,197.8,St. Mary,LA
1422,172.9,St. Tammany,LA
1423,236.3,Tangipahoa,LA
1424,336.9,Tensas,LA
1425,198.9,Terrebonne,LA
1426,281.9,Vermilion,LA
1427,279.0,Vernon,LA
1428,246.4,Washington,LA
1429,151.0,West Baton Rouge,LA
1430,163.6,West Feliciana,LA
1431,287.3,Winn,LA
1432,170.9,Adams,MS
1433,267.2,Amite,MS
1434,348.1,Claiborne,MS
1435,320.0,Clarke,MS
1436,275.0,Copiah,MS
1437,289.4,Covington,MS
1438,233.0,Forrest,MS
1439,251.9,Franklin,MS
1440,288.2,George,MS
1441,354.9,Greene,MS
1442,209.6,Hancock,MS
1443,260.9,Harrison,MS
1444,201.7,Jackson,MS
1445,253.7,Jasper,MS
1446,299.1,Jefferson,MS
1447,234.5,Jefferson Davis,MS
1448,224.9,Jones,MS
1449,200.5,Lamar,MS
1450,327.2,Lawrence,MS
1451,246.5,Lincoln,MS
1452,222.2,Marion,MS
1453,218.9,Pearl River,MS
1454,187.2,Perry,MS
1455,216.5,Pike,MS
1456,245.6,Simpson,MS
1457,201.8,Smith,MS
1458,259.3,Stone,MS
1459,252.2,Walthall,MS
1460,257.5,Wayne,MS
1461,271.8,Wilkinson,MS
1462,269.1,Bibb,AL
1463,238.3,Colbert,AL
1464,251.3,Fayette,AL
1465,238.3,Franklin,AL
1466,285.5,Greene,AL
1467,270.1,Hale,AL
1468,230.1,Lamar,AL
1469,205.0,Lauderdale,AL
1470,258.4,Lawrence,AL
1471,332.7,Marengo,AL
1472,286.9,Marion,AL
1473,225.6,Perry,AL
1474,234.8,Pickens,AL
1475,191.1,Sumter,AL
1476,232.1,Tuscaloosa,AL
1477,408.9,Walker,AL
1478,227.6,Winston,AL
1479,230.2,Arkansas,AR
1480,225.6,Ashley,AR
1481,160.2,Baxter,AR
1482,277.2,Boone,AR
1483,318.3,Bradley,AR
1484,238.4,Calhoun,AR
1485,235.1,Carroll,AR
1486,238.2,Chicot,AR
1487,230.6,Clark,AR
1488,250.4,Clay,AR
1489,144.7,Cleburne,AR
1490,186.8,Cleveland,AR
1491,221.8,Columbia,AR
1492,238.8,Conway,AR
1493,237.8,Craighead,AR
1494,206.4,Crittenden,AR
1495,231.9,Cross,AR
1496,229.8,Dallas,AR
1497,445.4,Desha,AR
1498,208.3,Drew,AR
1499,185.7,Faulkner,AR
1500,201.9,Fulton,AR
1501,232.8,Garland,AR
1502,201.2,Grant,AR
1503,218.9,Greene,AR
1504,220.4,Hot Spring,AR
1505,250.6,Independence,AR
1506,200.8,Izard,AR
1507,234.5,Jackson,AR
1508,262.6,Jefferson,AR
1509,223.6,Johnson,AR
1510,231.9,Lafayette,AR
1511,235.6,Lawrence,AR
1512,243.7,Lee,AR
1513,276.9,Lincoln,AR
1514,181.0,Lonoke,AR
1515,220.3,Marion,AR
1516,296.2,Mississippi,AR
1517,358.5,Monroe,AR
1518,174.9,Montgomery,AR
1519,230.5,Nevada,AR
1520,291.2,Newton,AR
1521,252.2,Ouachita,AR
1522,224.5,Perry,AR
1523,202.5,Phillips,AR
1524,256.9,Pike,AR
1525,300.3,Poinsett,AR
1526,202.0,Pope,AR
1527,200.8,Prairie,AR
1528,195.3,Pulaski,AR
1529,206.0,Randolph,AR
1530,266.5,St. Francis,AR
1531,181.6,Saline,AR
1532,196.7,Searcy,AR
1533,242.3,Sharp,AR
1534,164.4,Stone,AR
1535,217.4,Union,AR
1536,183.2,Van Buren,AR
1537,258.7,White,AR
1538,307.5,Woodruff,AR
1539,254.1,Yell,AR
1540,261.2,Alexander,IL
1541,175.9,Franklin,IL
1542,255.1,Gallatin,IL
1543,186.9,Hamilton,IL
1544,267.2,Hardin,IL
1545,165.1,Jackson,IL
1546,208.9,Jefferson,IL
1547,152.3,Johnson,IL
1548,247.1,Massac,IL
1549,145.8,Monroe,IL
1550,171.4,Perry,IL
1551,197.9,Pope,IL
1552,261.9,Pulaski,IL
1553,172.0,Randolph,IL
1554,197.9,Saline,IL
1555,205.4,Union,IL
1556,169.3,Washington,IL
1557,213.1,White,IL
1558,158.7,Williamson,IL
1559,203.8,Gibson,IN
1560,148.5,Posey,IN
1561,168.3,Vanderburgh,IN
1562,189.0,Warrick,IN
1563,229.7,Ballard,KY
1564,242.8,Caldwell,KY
1565,214.2,Calloway,KY
1566,160.5,Carlisle,KY
1567,201.7,Christian,KY
1568,313.2,Crittenden,KY
1569,259.9,Fulton,KY
1570,207.6,Graves,KY
1571,185.2,Henderson,KY
1572,241.2,Hickman,KY
1573,247.6,Hopkins,KY
1574,219.4,Livingston,KY
1575,204.4,Lyon,KY
1576,201.5,McCracken,KY
1577,213.9,McLean,KY
1578,224.4,Marshall,KY
1579,242.3,Todd,KY
1580,205.0,Trigg,KY
1581,218.3,Union,KY
1582,207.9,Webster,KY
1583,227.7,Bienville,LA
1584,195.8,Bossier,LA
1585,260.4,Claiborne,LA
1586,227.9,East Carroll,LA
1587,515.4,Franklin,LA
1588,219.1,Jackson,LA
1589,145.7,Lincoln,LA
1590,359.8,Madison,LA
1591,263.5,Morehouse,LA
1592,172.4,Ouachita,LA
1593,309.9,Richland,LA
1594,176.3,Union,LA
1595,241.4,Webster,LA
1596,275.1,West Carroll,LA
1597,283.7,Alcorn,MS
1598,205.8,Attala,MS
1599,198.4,Benton,MS
1600,257.9,Bolivar,MS
1601,226.1,Calhoun,MS
1602,191.0,Carroll,MS
1603,271.4,Chickasaw,MS
1604,208.3,Choctaw,MS
1605,229.0,Clay,MS
1606,235.9,Coahoma,MS
1607,195.6,DeSoto,MS
1608,275.0,Grenada,MS
1609,218.9,Hinds,MS
1610,249.2,Holmes,MS
1611,291.7,Humphreys,MS
1612,0.0,Issaquena,MS
1613,245.6,Itawamba,MS
1614,205.5,Kemper,MS
1615,221.1,Lafayette,MS
1616,263.8,Lauderdale,MS
1617,205.3,Leake,MS
1618,183.3,Lee,MS
1619,319.2,Leflore,MS
1620,200.5,Lowndes,MS
1621,189.9,Madison,MS
1622,180.8,Marshall,MS
1623,203.7,Monroe,MS
1624,212.5,Montgomery,MS
1625,359.7,Neshoba,MS
1626,220.0,Newton,MS
1627,312.7,Noxubee,MS
1628,166.3,Oktibbeha,MS
1629,307.7,Panola,MS
1630,183.8,Pontotoc,MS
1631,247.3,Prentiss,MS
1632,287.5,Quitman,MS
1633,147.5,Rankin,MS
1634,268.3,Scott,MS
1635,274.3,Sharkey,MS
1636,272.8,Sunflower,MS
1637,196.7,Tallahatchie,MS
1638,265.3,Tate,MS
1639,259.6,Tippah,MS
1640,326.9,Tishomingo,MS
1641,397.0,Tunica,MS
1642,259.8,Union,MS
1643,252.9,Warren,MS
1644,232.5,Washington,MS
1645,354.8,Webster,MS
1646,253.8,Winston,MS
1647,305.0,Yalobusha,MS
1648,170.7,Yazoo,MS
1649,176.3,Benton,MO
1650,272.1,Bollinger,MO
1651,198.0,Butler,MO
1652,142.3,Camden,MO
1653,191.0,Cape Girardeau,MO
1654,244.9,Carter,MO
1655,147.5,Christian,MO
1656,323.6,Crawford,MO
1657,196.2,Dallas,MO
1658,173.7,Dent,MO
1659,214.6,Douglas,MO
1660,304.4,Dunklin,MO
1661,191.4,Greene,MO
1662,151.4,Hickory,MO
1663,196.1,Howell,MO
1664,291.7,Iron,MO
1665,201.5,Jefferson,MO
1666,200.5,Laclede,MO
1667,248.1,Madison,MO
1668,227.2,Maries,MO
1669,184.3,Miller,MO
1670,300.9,Mississippi,MO
1671,233.3,New Madrid,MO
1672,261.9,Oregon,MO
1673,197.5,Ozark,MO
1674,370.9,Pemiscot,MO
1675,188.5,Perry,MO
1676,184.0,Phelps,MO
1677,206.1,Polk,MO
1678,190.7,Pulaski,MO
1679,199.7,Reynolds,MO
1680,279.2,Ripley,MO
1681,185.6,Ste. Genevieve,MO
1682,241.6,St. Francois,MO
1683,201.4,Scott,MO
1684,181.6,Shannon,MO
1685,241.6,Stoddard,MO
1686,236.6,Stone,MO
1687,291.4,Taney,MO
1688,192.0,Texas,MO
1689,348.0,Washington,MO
1690,189.7,Wayne,MO
1691,208.5,Webster,MO
1692,315.6,Wright,MO
1693,260.1,Benton,TN
1694,324.5,Carroll,TN
1695,235.5,Chester,TN
1696,330.0,Crockett,TN
1697,254.3,Decatur,TN
1698,254.8,Dickson,TN
1699,324.5,Dyer,TN
1700,209.0,Fayette,TN
1701,282.2,Gibson,TN
1702,254.2,Hardeman,TN
1703,314.0,Hardin,TN
1704,271.5,Haywood,TN
1705,234.5,Henderson,TN
1706,268.9,Henry,TN
1707,195.5,Hickman,TN
1708,294.9,Houston,TN
1709,295.0,Humphreys,TN
1710,272.3,Lake,TN
1711,291.8,Lauderdale,TN
1712,230.0,Lawrence,TN
1713,243.6,Lewis,TN
1714,299.4,McNairy,TN
1715,208.9,Madison,TN
1716,189.4,Montgomery,TN
1717,226.4,Obion,TN
1718,302.8,Perry,TN
1719,193.3,Shelby,TN
1720,227.8,Stewart,TN
1721,228.7,Tipton,TN
1722,251.7,Wayne,TN
1723,178.6,Weakley,TN
1724,178.6,Adams,IL
1725,190.5,Bond,IL
1726,154.2,Boone,IL
1727,161.2,Brown,IL
1728,174.2,Bureau,IL
1729,167.4,Calhoun,IL
1730,200.5,Carroll,IL
1731,221.1,Cass,IL
1732,133.9,Champaign,IL
1733,180.9,Christian,IL
1734,187.5,Clark,IL
1735,210.5,Clay,IL
1736,188.8,Clinton,IL
1737,175.1,Coles,IL
1738,168.1,Cook,IL
1739,211.2,Crawford,IL
1740,145.6,Cumberland,IL
1741,149.2,DeKalb,IL
1742,206.9,De Witt,IL
1743,158.3,Douglas,IL
1744,125.7,DuPage,IL
1745,195.6,Edgar,IL
1746,212.2,Edwards,IL
1747,156.1,Effingham,IL
1748,159.2,Fayette,IL
1749,201.0,Ford,IL
1750,187.5,Fulton,IL
1751,187.9,Greene,IL
1752,162.2,Grundy,IL
1753,150.5,Hancock,IL
1754,189.0,Henderson,IL
1755,189.2,Henry,IL
1756,206.6,Iroquois,IL
1757,183.6,Jasper,IL
1758,208.2,Jersey,IL
1759,142.3,Jo Daviess,IL
1760,129.0,Kane,IL
1761,209.0,Kankakee,IL
1762,114.0,Kendall,IL
1763,200.8,Knox,IL
1764,122.6,Lake,IL
1765,183.9,LaSalle,IL
1766,178.3,Lawrence,IL
1767,181.1,Lee,IL
1768,204.4,Livingston,IL
1769,164.4,Logan,IL
1770,172.2,McDonough,IL
1771,150.0,McHenry,IL
1772,164.5,McLean,IL
1773,161.2,Macon,IL
1774,201.0,Macoupin,IL
1775,202.9,Madison,IL
1776,238.7,Marion,IL
1777,187.3,Marshall,IL
1778,163.6,Mason,IL
1779,139.1,Menard,IL
1780,162.9,Mercer,IL
1781,157.2,Montgomery,IL
1782,248.9,Morgan,IL
1783,166.7,Moultrie,IL
1784,161.2,Ogle,IL
1785,166.1,Peoria,IL
1786,176.5,Piatt,IL
1787,172.9,Pike,IL
1788,187.0,Putnam,IL
1789,186.4,Richland,IL
1790,187.6,Rock Island,IL
1791,195.5,St. Clair,IL
1792,168.9,Sangamon,IL
1793,222.0,Schuyler,IL
1794,133.4,Scott,IL
1795,163.3,Shelby,IL
1796,139.3,Stark,IL
1797,142.9,Stephenson,IL
1798,178.7,Tazewell,IL
1799,212.4,Vermilion,IL
1800,151.9,Wabash,IL
1801,222.6,Warren,IL
1802,167.1,Wayne,IL
1803,201.7,Whiteside,IL
1804,159.9,Will,IL
1805,182.1,Winnebago,IL
1806,137.3,Woodford,IL
1807,175.9,Benton,IN
1808,174.5,Fountain,IN
1809,168.4,Knox,IN
1810,192.0,Lake,IN
1811,174.8,Newton,IN
1812,186.6,Parke,IN
1813,160.6,Pike,IN
1814,217.5,Sullivan,IN
1815,240.5,Vermillion,IN
1816,241.0,Vigo,IN
1817,171.4,Warren,IN
1818,203.8,Allamakee,IA
1819,183.8,Appanoose,IA
1820,159.7,Benton,IA
1821,159.9,Black Hawk,IA
1822,152.9,Bremer,IA
1823,186.4,Buchanan,IA
1824,198.4,Butler,IA
1825,136.3,Cedar,IA
1826,187.3,Cerro Gordo,IA
1827,209.4,Chickasaw,IA
1828,135.7,Clayton,IA
1829,199.3,Clinton,IA
1830,150.9,Davis,IA
1831,157.2,Delaware,IA
1832,168.1,Des Moines,IA
1833,156.1,Dubuque,IA
1834,189.1,Fayette,IA
1835,153.4,Floyd,IA
1836,191.1,Franklin,IA
1837,175.5,Grundy,IA
1838,170.8,Hardin,IA
1839,187.4,Henry,IA
1840,259.9,Howard,IA
1841,169.9,Iowa,IA
1842,177.4,Jackson,IA
1843,147.0,Jasper,IA
1844,200.6,Jefferson,IA
1845,140.5,Johnson,IA
1846,148.9,Jones,IA
1847,166.5,Keokuk,IA
1848,195.6,Lee,IA
1849,147.2,Linn,IA
1850,154.9,Louisa,IA
1851,206.5,Lucas,IA
1852,195.8,Mahaska,IA
1853,200.2,Marion,IA
1854,209.9,Marshall,IA
1855,217.6,Mitchell,IA
1856,226.1,Monroe,IA
1857,161.9,Muscatine,IA
1858,162.3,Polk,IA
1859,148.1,Poweshiek,IA
1860,153.8,Scott,IA
1861,124.6,Story,IA
1862,170.4,Tama,IA
1863,176.0,Van Buren,IA
1864,201.1,Wapello,IA
1865,187.3,Warren,IA
1866,157.9,Washington,IA
1867,198.3,Wayne,IA
1868,154.9,Winneshiek,IA
1869,122.0,Worth,IA
1870,175.0,Dodge,MN
1871,150.9,Fillmore,MN
1872,144.2,Freeborn,MN
1873,147.7,Goodhue,MN
1874,136.6,Houston,MN
1875,156.7,Mower,MN
1876,124.3,Olmsted,MN
1877,129.1,Rice,MN
1878,130.3,Steele,MN
1879,135.7,Wabasha,MN
1880,145.1,Waseca,MN
1881,152.6,Winona,MN
1882,164.9,Adair,MO
1883,172.0,Audrain,MO
1884,141.2,Boone,MO
1885,163.1,Callaway,MO
1886,270.3,Carroll,MO
1887,169.9,Chariton,MO
1888,229.6,Clark,MO
1889,159.2,Cole,MO
1890,291.2,Cooper,MO
1891,198.9,Franklin,MO
1892,166.7,Gasconade,MO
1893,179.5,Grundy,MO
1894,213.7,Howard,MO
1895,174.7,Knox,MO
1896,268.6,Lewis,MO
1897,184.9,Lincoln,MO
1898,267.8,Linn,MO
1899,153.5,Livingston,MO
1900,197.8,Macon,MO
1901,198.8,Marion,MO
1902,184.9,Mercer,MO
1903,159.9,Moniteau,MO
1904,156.7,Monroe,MO
1905,280.0,Montgomery,MO
1906,226.1,Morgan,MO
1907,182.3,Osage,MO
1908,188.7,Pettis,MO
1909,197.8,Pike,MO
1910,162.8,Putnam,MO
1911,131.4,Ralls,MO
1912,223.5,Randolph,MO
1913,150.8,St. Charles,MO
1914,176.8,St. Louis County,MO
1915,173.3,Saline,MO
1916,195.7,Schuyler,MO
1917,176.0,Scotland,MO
1918,224.9,Shelby,MO
1919,243.1,Sullivan,MO
1920,192.1,Warren,MO
1921,227.3,St. Louis City,MO
1922,174.8,Adams,WI
1923,170.4,Brown,WI
1924,167.6,Buffalo,WI
1925,166.2,Calumet,WI
1926,163.2,Columbia,WI
1927,135.3,Crawford,WI
1928,124.0,Dane,WI
1929,166.8,Dodge,WI
1930,147.0,Fond du Lac,WI
1931,157.1,Grant,WI
1932,139.4,Green,WI
1933,180.5,Green Lake,WI
1934,145.5,Iowa,WI
1935,146.7,Jackson,WI
1936,159.4,Jefferson,WI
1937,134.4,Juneau,WI
1938,184.0,Kenosha,WI
1939,103.4,Kewaunee,WI
1940,128.7,La Crosse,WI
1941,108.1,Lafayette,WI
1942,152.3,Manitowoc,WI
1943,133.4,Marquette,WI
1944,188.0,Milwaukee,WI
1945,161.2,Monroe,WI
1946,153.7,Outagamie,WI
1947,145.1,Ozaukee,WI
1948,168.9,Pepin,WI
1949,135.8,Portage,WI
1950,175.4,Racine,WI
1951,143.5,Richland,WI
1952,170.0,Rock,WI
1953,165.3,Sauk,WI
1954,170.0,Sheboygan,WI
1955,182.7,Trempealeau,WI
1956,165.1,Vernon,WI
1957,161.3,Walworth,WI
1958,145.2,Washington,WI
1959,121.5,Waukesha,WI
1960,173.0,Waupaca,WI
1961,209.2,Waushara,WI
1962,134.9,Winnebago,WI
1963,135.8,Wood,WI
1964,200.1,Autauga,AL
1965,226.5,Blount,AL
1966,329.7,Calhoun,AL
1967,189.4,Chambers,AL
1968,211.8,Cherokee,AL
1969,271.7,Chilton,AL
1970,270.3,Clay,AL
1971,292.6,Cleburne,AL
1972,248.4,Coosa,AL
1973,260.5,Cullman,AL
1974,322.7,Dallas,AL
1975,249.9,DeKalb,AL
1976,233.5,Elmore,AL
1977,275.9,Etowah,AL
1978,281.4,Jackson,AL
1979,191.7,Jefferson,AL
1980,162.4,Lee,AL
1981,223.0,Limestone,AL
1982,204.2,Lowndes,AL
1983,301.6,Macon,AL
1984,199.6,Madison,AL
1985,243.7,Marshall,AL
1986,170.6,Montgomery,AL
1987,244.3,Morgan,AL
1988,313.0,Randolph,AL
1989,207.2,Russell,AL
1990,226.1,St. Clair,AL
1991,153.2,Shelby,AL
1992,267.4,Talladega,AL
1993,241.6,Tallapoosa,AL
1994,208.5,Bartow,GA
1995,198.1,Butts,GA
1996,219.8,Carroll,GA
1997,186.0,Catoosa,GA
1998,172.0,Chattahoochee,GA
1999,271.0,Chattooga,GA
2000,155.3,Cherokee,GA
2001,188.2,Clayton,GA
2002,136.8,Cobb,GA
2003,176.5,Coweta,GA
2004,231.7,Crawford,GA
2005,229.2,Dade,GA
2006,167.7,Dawson,GA
2007,128.3,DeKalb,GA
2008,196.6,Douglas,GA
2009,171.5,Fannin,GA
2010,124.8,Fayette,GA
2011,247.4,Floyd,GA
2012,131.1,Forsyth,GA
2013,142.8,Fulton,GA
2014,185.8,Gilmer,GA
2015,222.1,Gordon,GA
2016,127.7,Gwinnett,GA
2017,280.5,Haralson,GA
2018,184.2,Harris,GA
2019,226.0,Heard,GA
2020,172.4,Henry,GA
2021,193.3,Lamar,GA
2022,185.9,Lumpkin,GA
2023,251.3,Macon,GA
2024,244.1,Marion,GA
2025,282.8,Meriwether,GA
2026,198.7,Monroe,GA
2027,215.5,Murray,GA
2028,261.7,Muscogee,GA
2029,177.6,Paulding,GA
2030,198.8,Pickens,GA
2031,159.9,Pike,GA
2032,284.8,Polk,GA
2033,163.1,Rockdale,GA
2034,124.1,Schley,GA
2035,208.4,Spalding,GA
2036,214.1,Talbot,GA
2037,221.6,Taylor,GA
2038,242.9,Troup,GA
2039,158.0,Union,GA
2040,279.2,Upson,GA
2041,289.4,Walker,GA
2042,176.7,Whitfield,GA
2043,190.9,Crawford,IN
2044,179.6,Dubois,IN
2045,181.8,Floyd,IN
2046,168.5,Harrison,IN
2047,239.1,Perry,IN
2048,203.7,Spencer,IN
2049,285.7,Adair,KY
2050,209.9,Allen,KY
2051,174.7,Anderson,KY
2052,217.6,Barren,KY
2053,205.5,Bourbon,KY
2054,168.6,Boyle,KY
2055,195.0,Breckinridge,KY
2056,154.2,Bullitt,KY
2057,177.9,Butler,KY
2058,171.9,Casey,KY
2059,236.4,Clark,KY
2060,227.6,Clinton,KY
2061,270.5,Cumberland,KY
2062,187.4,Daviess,KY
2063,189.8,Edmonson,KY
2064,268.2,Estill,KY
2065,144.9,Fayette,KY
2066,189.0,Franklin,KY
2067,151.8,Garrard,KY
2068,197.6,Grayson,KY
2069,256.7,Green,KY
2070,167.8,Hancock,KY
2071,152.5,Hardin,KY
2072,205.1,Hart,KY
2073,340.6,Jackson,KY
2074,175.0,Jefferson,KY
2075,141.5,Jessamine,KY
2076,197.7,Larue,KY
2077,234.2,Laurel,KY
2078,197.2,Lincoln,KY
2079,158.9,Logan,KY
2080,263.8,McCreary,KY
2081,196.0,Madison,KY
2082,170.9,Marion,KY
2083,170.7,Meade,KY
2084,214.6,Mercer,KY
2085,199.1,Metcalfe,KY
2086,331.3,Monroe,KY
2087,246.4,Montgomery,KY
2088,251.1,Muhlenberg,KY
2089,179.7,Nelson,KY
2090,292.1,Nicholas,KY
2091,263.2,Ohio,KY
2092,222.6,Pulaski,KY
2093,217.0,Rockcastle,KY
2094,260.6,Russell,KY
2095,249.2,Scott,KY
2096,144.8,Shelby,KY
2097,270.7,Simpson,KY
2098,175.6,Spencer,KY
2099,204.1,Taylor,KY
2100,193.6,Warren,KY
2101,154.6,Washington,KY
2102,212.1,Wayne,KY
2103,317.7,Whitley,KY
2104,155.9,Woodford,KY
2105,194.7,Cherokee,NC
2106,195.0,Anderson,TN
2107,248.2,Bedford,TN
2108,202.2,Bledsoe,TN
2109,138.1,Blount,TN
2110,233.9,Bradley,TN
2111,276.4,Campbell,TN
2112,203.8,Cannon,TN
2113,213.8,Cheatham,TN
2114,230.2,Clay,TN
2115,277.2,Coffee,TN
2116,163.2,Cumberland,TN
2117,184.3,Davidson,TN
2118,250.9,DeKalb,TN
2119,224.1,Fentress,TN
2120,229.4,Franklin,TN
2121,235.9,Giles,TN
2122,278.5,Grundy,TN
2123,179.9,Hamilton,TN
2124,215.7,Jackson,TN
2125,172.3,Knox,TN
2126,287.2,Lincoln,TN
2127,141.7,Loudon,TN
2128,215.9,McMinn,TN
2129,237.4,Macon,TN
2130,259.6,Marion,TN
2131,240.3,Marshall,TN
2132,168.6,Maury,TN
2133,246.9,Meigs,TN
2134,183.7,Monroe,TN
2135,181.9,Moore,TN
2136,215.0,Morgan,TN
2137,213.1,Overton,TN
2138,204.9,Pickett,TN
2139,230.2,Polk,TN
2140,211.9,Putnam,TN
2141,271.9,Rhea,TN
2142,210.8,Roane,TN
2143,221.3,Robertson,TN
2144,171.9,Rutherford,TN
2145,210.6,Scott,TN
2146,188.8,Sequatchie,TN
2147,214.9,Smith,TN
2148,172.2,Sumner,TN
2149,231.6,Trousdale,TN
2150,222.1,Van Buren,TN
2151,226.1,Warren,TN
2152,205.1,White,TN
2153,136.6,Williamson,TN
2154,153.9,Wilson,TN
2155,268.8,Baldwin,GA
2156,169.5,Banks,GA
2157,158.0,Barrow,GA
2158,276.2,Bibb,GA
2159,189.3,Bleckley,GA
2160,179.2,Bulloch,GA
2161,224.7,Burke,GA
2162,303.6,Candler,GA
2163,175.7,Clarke,GA
2164,117.4,Columbia,GA
2165,196.8,Dodge,GA
2166,156.2,Dooly,GA
2167,221.5,Effingham,GA
2168,239.3,Elbert,GA
2169,289.6,Emanuel,GA
2170,171.3,Evans,GA
2171,264.3,Franklin,GA
2172,260.5,Glascock,GA
2173,192.6,Greene,GA
2174,165.1,Habersham,GA
2175,142.1,Hall,GA
2176,163.8,Hancock,GA
2177,178.3,Hart,GA
2178,203.1,Houston,GA
2179,189.6,Jackson,GA
2180,217.6,Jasper,GA
2181,257.5,Jefferson,GA
2182,183.7,Jenkins,GA
2183,186.9,Johnson,GA
2184,162.2,Jones,GA
2185,238.3,Laurens,GA
2186,175.8,Lincoln,GA
2187,213.5,McDuffie,GA
2188,184.2,Madison,GA
2189,215.7,Montgomery,GA
2190,182.8,Morgan,GA
2191,184.1,Newton,GA
2192,140.0,Oconee,GA
2193,138.7,Oglethorpe,GA
2194,251.6,Peach,GA
2195,236.5,Pulaski,GA
2196,160.9,Putnam,GA
2197,145.3,Rabun,GA
2198,226.9,Richmond,GA
2199,180.5,Screven,GA
2200,225.5,Stephens,GA
2201,0.0,Taliaferro,GA
2202,246.6,Toombs,GA
2203,179.9,Towns,GA
2204,229.5,Treutlen,GA
2205,278.5,Twiggs,GA
2206,210.7,Walton,GA
2207,194.3,Warren,GA
2208,186.8,Washington,GA
2209,135.5,White,GA
2210,242.8,Wilkes,GA
2211,314.1,Wilkinson,GA
2212,263.9,Bath,KY
2213,308.4,Bell,KY
2214,245.5,Boyd,KY
2215,420.2,Breathitt,KY
2216,209.0,Carter,KY
2217,285.7,Clay,KY
2218,173.9,Elliott,KY
2219,232.5,Fleming,KY
2220,298.9,Floyd,KY
2221,310.7,Harlan,KY
2222,248.5,Johnson,KY
2223,278.4,Knott,KY
2224,236.9,Knox,KY
2225,238.3,Lawrence,KY
2226,283.0,Lee,KY
2227,282.7,Leslie,KY
2228,243.5,Letcher,KY
2229,223.1,Magoffin,KY
2230,212.8,Martin,KY
2231,195.8,Menifee,KY
2232,171.5,Morgan,KY
2233,255.1,Owsley,KY
2234,349.6,Perry,KY
2235,245.5,Pike,KY
2236,280.9,Powell,KY
2237,192.5,Rowan,KY
2238,365.3,Wolfe,KY
2239,147.0,Alexander,NC
2240,141.5,Alleghany,NC
2241,145.4,Ashe,NC
2242,176.7,Avery,NC
2243,140.4,Buncombe,NC
2244,176.5,Burke,NC
2245,190.6,Caldwell,NC
2246,162.2,Catawba,NC
2247,166.2,Clay,NC
2248,193.8,Cleveland,NC
2249,179.2,Gaston,NC
2250,165.9,Graham,NC
2251,170.1,Haywood,NC
2252,133.0,Henderson,NC
2253,152.9,Iredell,NC
2254,152.6,Jackson,NC
2255,167.7,Lincoln,NC
2256,170.4,McDowell,NC
2257,135.2,Macon,NC
2258,163.9,Madison,NC
2259,126.6,Mecklenburg,NC
2260,176.4,Mitchell,NC
2261,151.9,Polk,NC
2262,191.8,Rutherford,NC
2263,168.0,Surry,NC
2264,210.7,Swain,NC
2265,115.7,Transylvania,NC
2266,123.8,Watauga,NC
2267,165.3,Wilkes,NC
2268,173.6,Yadkin,NC
2269,175.0,Yancey,NC
2270,173.9,Abbeville,SC
2271,168.7,Aiken,SC
2272,260.9,Allendale,SC
2273,177.2,Anderson,SC
2274,200.6,Bamberg,SC
2275,228.0,Barnwell,SC
2276,95.6,Beaufort,SC
2277,159.9,Calhoun,SC
2278,263.8,Cherokee,SC
2279,236.9,Chester,SC
2280,252.2,Colleton,SC
2281,174.6,Edgefield,SC
2282,222.3,Fairfield,SC
2283,155.2,Greenville,SC
2284,163.6,Greenwood,SC
2285,201.9,Hampton,SC
2286,149.2,Jasper,SC
2287,166.7,Lancaster,SC
2288,182.3,Laurens,SC
2289,159.1,Lexington,SC
2290,137.2,McCormick,SC
2291,172.5,Newberry,SC
2292,178.8,Oconee,SC
2293,161.2,Orangeburg,SC
2294,203.7,Pickens,SC
2295,178.3,Richland,SC
2296,188.4,Saluda,SC
2297,181.8,Spartanburg,SC
2298,254.5,Union,SC
2299,150.0,York,SC
2300,205.5,Carter,TN
2301,267.7,Claiborne,TN
2302,375.7,Cocke,TN
2303,195.8,Grainger,TN
2304,224.6,Greene,TN
2305,189.1,Hamblen,TN
2306,254.0,Hancock,TN
2307,220.3,Hawkins,TN
2308,204.5,Jefferson,TN
2309,200.6,Johnson,TN
2310,194.0,Sevier,TN
2311,207.9,Sullivan,TN
2312,217.5,Unicoi,TN
2313,215.6,Union,TN
2314,186.7,Washington,TN
2315,225.9,Bland,VA
2316,238.9,Buchanan,VA
2317,143.7,Carroll,VA
2318,220.3,Dickenson,VA
2319,219.5,Giles,VA
2320,120.4,Grayson,VA
2321,219.9,Lee,VA
2322,193.7,Pulaski,VA
2323,235.6,Russell,VA
2324,204.5,Scott,VA
2325,210.6,Smyth,VA
2326,217.2,Tazewell,VA
2327,161.0,Washington,VA
2328,232.7,Wise,VA
2329,216.8,Wythe,VA
2330,269.7,Bristol,VA
2331,272.2,Galax,VA
2332,277.4,Norton,VA
2333,221.3,Boone,WV
2334,208.7,Fayette,WV
2335,185.3,Kanawha,WV
2336,204.5,Lincoln,WV
2337,225.2,Logan,WV
2338,263.6,McDowell,WV
2339,197.6,Mercer,WV
2340,281.3,Mingo,WV
2341,189.6,Nicholas,WV
2342,226.9,Raleigh,WV
2343,216.0,Summers,WV
2344,167.8,Wayne,WV
2345,241.4,Wyoming,WV
2346,160.4,Adams,IN
2347,167.1,Allen,IN
2348,176.2,Bartholomew,IN
2349,175.9,Blackford,IN
2350,196.4,Boone,IN
2351,156.5,Brown,IN
2352,159.5,Carroll,IN
2353,165.7,Cass,IN
2354,204.3,Clark,IN
2355,250.8,Clay,IN
2356,192.3,Clinton,IN
2357,193.9,Daviess,IN
2358,172.1,Dearborn,IN
2359,208.5,Decatur,IN
2360,182.9,DeKalb,IN
2361,182.4,Delaware,IN
2362,172.2,Elkhart,IN
2363,241.9,Fayette,IN
2364,153.6,Franklin,IN
2365,216.0,Fulton,IN
2366,229.3,Grant,IN
2367,200.5,Greene,IN
2368,134.5,Hamilton,IN
2369,154.7,Hancock,IN
2370,153.6,Hendricks,IN
2371,182.4,Henry,IN
2372,211.6,Howard,IN
2373,189.0,Huntington,IN
2374,158.3,Jackson,IN
2375,217.6,Jasper,IN
2376,183.7,Jay,IN
2377,233.6,Jefferson,IN
2378,208.4,Jennings,IN
2379,172.7,Johnson,IN
2380,172.6,Kosciusko,IN
2381,179.9,LaGrange,IN
2382,217.2,LaPorte,IN
2383,166.5,Lawrence,IN
2384,181.0,Madison,IN
2385,182.7,Marion,IN
2386,179.9,Marshall,IN
2387,180.5,Martin,IN
2388,238.0,Miami,IN
2389,149.0,Monroe,IN
2390,219.5,Montgomery,IN
2391,198.8,Morgan,IN
2392,162.1,Noble,IN
2393,112.8,Ohio,IN
2394,179.7,Orange,IN
2395,190.3,Owen,IN
2396,159.3,Porter,IN
2397,183.4,Pulaski,IN
2398,174.1,Putnam,IN
2399,217.1,Randolph,IN
2400,218.0,Ripley,IN
2401,196.5,Rush,IN
2402,170.3,St. Joseph,IN
2403,204.3,Scott,IN
2404,157.1,Shelby,IN
2405,248.8,Starke,IN
2406,162.2,Steuben,IN
2407,176.4,Switzerland,IN
2408,167.7,Tippecanoe,IN
2409,175.0,Tipton,IN
2410,205.3,Union,IN
2411,187.0,Wabash,IN
2412,188.9,Washington,IN
2413,248.4,Wayne,IN
2414,179.3,Wells,IN
2415,185.3,White,IN
2416,157.6,Whitley,IN
2417,150.3,Boone,KY
2418,272.6,Bracken,KY
2419,153.4,Campbell,KY
2420,268.9,Carroll,KY
2421,254.1,Gallatin,KY
2422,236.2,Grant,KY
2423,184.4,Greenup,KY
2424,226.1,Harrison,KY
2425,181.2,Henry,KY
2426,164.2,Kenton,KY
2427,244.6,Lewis,KY
2428,235.5,Mason,KY
2429,138.7,Oldham,KY
2430,209.7,Owen,KY
2431,196.2,Pendleton,KY
2432,292.1,Robertson,KY
2433,226.7,Trimble,KY
2434,152.2,Allegan,MI
2435,250.3,Arenac,MI
2436,168.0,Barry,MI
2437,255.9,Bay,MI
2438,123.8,Benzie,MI
2439,226.3,Berrien,MI
2440,188.2,Branch,MI
2441,186.9,Calhoun,MI
2442,198.3,Cass,MI
2443,224.8,Clare,MI
2444,149.0,Clinton,MI
2445,166.2,Eaton,MI
2446,216.2,Genesee,MI
2447,225.3,Gladwin,MI
2448,223.4,Gratiot,MI
2449,219.7,Hillsdale,MI
2450,218.5,Huron,MI
2451,163.2,Ingham,MI
2452,181.6,Ionia,MI
2453,257.9,Iosco,MI
2454,189.0,Isabella,MI
2455,218.5,Jackson,MI
2456,159.5,Kalamazoo,MI
2457,169.2,Kent,MI
2458,217.9,Lake,MI
2459,211.3,Lapeer,MI
2460,210.4,Lenawee,MI
2461,183.9,Livingston,MI
2462,198.1,Macomb,MI
2463,165.6,Manistee,MI
2464,173.1,Mason,MI
2465,197.9,Mecosta,MI
2466,147.1,Midland,MI
2467,174.1,Missaukee,MI
2468,190.7,Monroe,MI
2469,184.8,Montcalm,MI
2470,157.9,Muskegon,MI
2471,158.7,Newaygo,MI
2472,183.9,Oakland,MI
2473,177.7,Oceana,MI
2474,268.3,Ogemaw,MI
2475,187.0,Osceola,MI
2476,137.2,Ottawa,MI
2477,250.7,Roscommon,MI
2478,173.8,Saginaw,MI
2479,221.4,St. Clair,MI
2480,202.3,St. Joseph,MI
2481,235.9,Sanilac,MI
2482,192.9,Shiawassee,MI
2483,209.5,Tuscola,MI
2484,204.4,Van Buren,MI
2485,159.4,Washtenaw,MI
2486,256.1,Wayne,MI
2487,154.9,Wexford,MI
2488,215.2,Adams,OH
2489,198.3,Allen,OH
2490,186.2,Ashland,OH
2491,215.1,Ashtabula,OH
2492,169.1,Athens,OH
2493,181.6,Auglaize,OH
2494,225.4,Belmont,OH
2495,196.4,Brown,OH
2496,168.1,Butler,OH
2497,180.5,Carroll,OH
2498,167.4,Champaign,OH
2499,207.5,Clark,OH
2500,168.9,Clermont,OH
2501,206.8,Clinton,OH
2502,214.8,Columbiana,OH
2503,206.8,Coshocton,OH
2504,204.3,Crawford,OH
2505,200.9,Cuyahoga,OH
2506,202.9,Darke,OH
2507,176.5,Defiance,OH
2508,136.2,Delaware,OH
2509,190.2,Erie,OH
2510,171.3,Fairfield,OH
2511,285.9,Fayette,OH
2512,173.9,Franklin,OH
2513,180.3,Fulton,OH
2514,249.2,Gallia,OH
2515,139.2,Geauga,OH
2516,155.2,Greene,OH
2517,218.5,Guernsey,OH
2518,175.2,Hamilton,OH
2519,171.6,Hancock,OH
2520,232.8,Hardin,OH
2521,225.4,Harrison,OH
2522,176.5,Henry,OH
2523,213.8,Highland,OH
2524,201.3,Hocking,OH
2525,178.5,Holmes,OH
2526,187.0,Huron,OH
2527,260.7,Jackson,OH
2528,255.6,Jefferson,OH
2529,181.8,Knox,OH
2530,183.2,Lake,OH
2531,208.0,Lawrence,OH
2532,171.2,Licking,OH
2533,212.4,Logan,OH
2534,157.7,Lorain,OH
2535,218.5,Lucas,OH
2536,165.5,Madison,OH
2537,225.3,Mahoning,OH
2538,202.6,Marion,OH
2539,156.3,Medina,OH
2540,216.3,Meigs,OH
2541,271.4,Mercer,OH
2542,197.1,Miami,OH
2543,179.1,Monroe,OH
2544,175.9,Montgomery,OH
2545,146.0,Morgan,OH
2546,195.7,Morrow,OH
2547,176.9,Muskingum,OH
2548,135.7,Noble,OH
2549,195.1,Ottawa,OH
2550,178.4,Paulding,OH
2551,256.0,Perry,OH
2552,217.7,Pickaway,OH
2553,214.3,Pike,OH
2554,208.9,Portage,OH
2555,195.8,Preble,OH
2556,150.6,Putnam,OH
2557,200.9,Richland,OH
2558,182.9,Ross,OH
2559,198.9,Sandusky,OH
2560,278.6,Scioto,OH
2561,230.4,Seneca,OH
2562,189.1,Shelby,OH
2563,173.6,Stark,OH
2564,177.9,Summit,OH
2565,218.9,Trumbull,OH
2566,183.5,Tuscarawas,OH
2567,173.5,Union,OH
2568,181.0,Van Wert,OH
2569,178.5,Vinton,OH
2570,156.1,Warren,OH
2571,143.0,Washington,OH
2572,181.6,Wayne,OH
2573,169.7,Williams,OH
2574,203.0,Wood,OH
2575,169.3,Wyandot,OH
2576,140.5,Braxton,WV
2577,166.2,Cabell,WV
2578,198.3,Calhoun,WV
2579,187.0,Clay,WV
2580,153.4,Doddridge,WV
2581,212.6,Gilmer,WV
2582,183.4,Jackson,WV
2583,193.1,Marshall,WV
2584,181.9,Mason,WV
2585,185.8,Ohio,WV
2586,196.8,Pleasants,WV
2587,206.0,Putnam,WV
2588,165.8,Ritchie,WV
2589,179.9,Roane,WV
2590,190.7,Tyler,WV
2591,197.1,Wetzel,WV
2592,199.4,Wirt,WV
2593,203.4,Wood,WV
2594,141.0,Broward,FL
2595,120.6,Martin,FL
2596,147.3,Miami-Dade,FL
2597,125.0,Palm Beach,FL
2598,138.4,St. Lucie,FL
2599,156.9,St. Mary's,MD
2600,290.6,Somerset,MD
2601,204.0,Worcester,MD
2602,152.7,Alamance,NC
2603,216.8,Anson,NC
2604,176.0,Beaufort,NC
2605,169.6,Bertie,NC
2606,220.4,Bladen,NC
2607,152.5,Brunswick,NC
2608,155.7,Cabarrus,NC
2609,203.4,Camden,NC
2610,158.7,Carteret,NC
2611,163.7,Caswell,NC
2612,100.5,Chatham,NC
2613,180.1,Chowan,NC
2614,267.5,Columbus,NC
2615,169.0,Craven,NC
2616,178.3,Cumberland,NC
2617,207.6,Currituck,NC
2618,149.4,Dare,NC
2619,167.6,Davidson,NC
2620,146.9,Davie,NC
2621,169.1,Duplin,NC
2622,127.5,Durham,NC
2623,216.4,Edgecombe,NC
2624,148.4,Forsyth,NC
2625,160.2,Franklin,NC
2626,149.8,Gates,NC
2627,152.5,Granville,NC
2628,183.1,Greene,NC
2629,133.3,Guilford,NC
2630,169.9,Halifax,NC
2631,184.9,Harnett,NC
2632,145.0,Hertford,NC
2633,185.7,Hoke,NC
2634,206.5,Hyde,NC
2635,172.8,Johnston,NC
2636,178.5,Jones,NC
2637,155.2,Lee,NC
2638,210.6,Lenoir,NC
2639,226.3,Martin,NC
2640,167.9,Montgomery,NC
2641,134.4,Moore,NC
2642,189.3,Nash,NC
2643,135.6,New Hanover,NC
2644,163.3,Northampton,NC
2645,176.2,Onslow,NC
2646,110.0,Orange,NC
2647,134.1,Pamlico,NC
2648,238.0,Pasquotank,NC
2649,165.4,Pender,NC
2650,214.6,Perquimans,NC
2651,171.1,Person,NC
2652,167.4,Pitt,NC
2653,189.3,Randolph,NC
2654,240.1,Richmond,NC
2655,221.0,Robeson,NC
2656,178.4,Rockingham,NC
2657,175.6,Rowan,NC
2658,182.5,Sampson,NC
2659,192.2,Scotland,NC
2660,215.6,Stanly,NC
2661,173.5,Stokes,NC
2662,181.9,Tyrrell,NC
2663,132.5,Union,NC
2664,193.5,Vance,NC
2665,120.2,Wake,NC
2666,198.2,Warren,NC
2667,184.6,Washington,NC
2668,197.6,Wayne,NC
2669,167.6,Wilson,NC
2670,143.3,Berkeley,SC
2671,140.8,Charleston,SC
2672,239.5,Chesterfield,SC
2673,185.5,Clarendon,SC
2674,273.0,Darlington,SC
2675,240.7,Dillon,SC
2676,153.2,Dorchester,SC
2677,202.7,Florence,SC
2678,188.8,Georgetown,SC
2679,178.5,Horry,SC
2680,163.0,Kershaw,SC
2681,286.0,Lee,SC
2682,265.2,Marion,SC
2683,323.9,Marlboro,SC
2684,168.3,Sumter,SC
2685,173.6,Williamsburg,SC
2686,228.9,Accomack,VA
2687,101.4,Albemarle,VA
2688,208.5,Alleghany,VA
2689,199.0,Amelia,VA
2690,169.3,Amherst,VA
2691,239.3,Appomattox,VA
2692,142.2,Augusta,VA
2693,197.5,Bath,VA
2694,153.5,Bedford County,VA
2695,161.1,Botetourt,VA
2696,246.1,Brunswick,VA
2697,164.8,Buckingham,VA
2698,174.4,Campbell,VA
2699,169.8,Caroline,VA
2700,184.9,Charles City,VA
2701,193.9,Charlotte,VA
2702,145.5,Chesterfield,VA
2703,129.2,Craig,VA
2704,141.7,Cumberland,VA
2705,171.3,Dinwiddie,VA
2706,207.3,Essex,VA
2707,164.5,Floyd,VA
2708,145.0,Fluvanna,VA
2709,144.4,Franklin County,VA
2710,173.6,Gloucester,VA
2711,110.9,Goochland,VA
2712,161.7,Greene,VA
2713,277.1,Greensville,VA
2714,193.7,Halifax,VA
2715,150.8,Hanover,VA
2716,152.3,Henrico,VA
2717,174.1,Henry,VA
2718,160.1,Isle of Wight,VA
2719,123.4,James City,VA
2720,221.2,King and Queen,VA
2721,130.9,King George,VA
2722,189.7,King William,VA
2723,175.2,Lancaster,VA
2724,170.5,Louisa,VA
2725,211.4,Lunenburg,VA
2726,144.7,Mathews,VA
2727,193.6,Mecklenburg,VA
2728,171.8,Middlesex,VA
2729,148.3,Montgomery,VA
2730,182.1,Nelson,VA
2731,159.6,New Kent,VA
2732,159.0,Northampton,VA
2733,138.6,Northumberland,VA
2734,251.0,Nottoway,VA
2735,173.2,Orange,VA
2736,217.8,Patrick,VA
2737,166.8,Pittsylvania,VA
2738,133.1,Powhatan,VA
2739,186.2,Prince Edward,VA
2740,136.0,Prince George,VA
2741,207.3,Richmond County,VA
2742,149.6,Roanoke County,VA
2743,129.6,Rockbridge,VA
2744,183.0,Southampton,VA
2745,148.2,Spotsylvania,VA
2746,137.5,Surry,VA
2747,201.8,Sussex,VA
2748,173.2,Westmoreland,VA
2749,112.9,York,VA
2750,203.8,Buena Vista,VA
2751,169.0,Charlottesville,VA
2752,165.9,Chesapeake,VA
2753,188.2,Colonial Heights,VA
2754,374.6,Covington,VA
2755,255.1,Danville,VA
2756,214.7,Emporia,VA
2757,317.4,Franklin City,VA
2758,157.1,Fredericksburg,VA
2759,179.5,Hampton,VA
2760,255.1,Hopewell,VA
2761,199.4,Lexington,VA
2762,191.9,Lynchburg,VA
2763,320.1,Martinsville,VA
2764,172.6,Newport News,VA
2765,203.3,Norfolk,VA
2766,298.0,Petersburg,VA
2767,184.4,Poquoson,VA
2768,214.7,Portsmouth,VA
2769,191.9,Radford,VA
2770,176.8,Richmond City,VA
2771,210.5,Roanoke City,VA
2772,190.5,Salem,VA
2773,207.2,Staunton,VA
2774,175.3,Suffolk,VA
2775,138.8,Virginia Beach,VA
2776,193.0,Waynesboro,VA
2777,96.9,Williamsburg,VA
2778,165.7,Greenbrier,WV
2779,162.3,Monroe,WV
2780,181.4,Kent,DE
2781,148.8,New Castle,DE
2782,170.4,Sussex,DE
2783,195.7,District of Columbia,DC
2784,210.2,Allegany,MD
2785,158.4,Anne Arundel,MD
2786,179.1,Baltimore County,MD
2787,183.0,Calvert,MD
2788,206.9,Caroline,MD
2789,171.8,Carroll,MD
2790,202.8,Cecil,MD
2791,163.6,Charles,MD
2792,210.6,Dorchester,MD
2793,154.1,Frederick,MD
2794,206.7,Garrett,MD
2795,166.0,Harford,MD
2796,111.8,Howard,MD
2797,183.3,Kent,MD
2798,102.4,Montgomery,MD
2799,168.4,Prince George's,MD
2800,156.1,Queen Anne's,MD
2801,135.6,Talbot,MD
2802,187.8,Washington,MD
2803,238.3,Wicomico,MD
2804,225.4,Baltimore City,MD
2805,208.5,Atlantic,NJ
2806,135.5,Bergen,NJ
2807,166.9,Burlington,NJ
2808,183.6,Camden,NJ
2809,205.5,Cape May,NJ
2810,219.0,Cumberland,NJ
2811,164.7,Essex,NJ
2812,195.1,Gloucester,NJ
2813,127.6,Hunterdon,NJ
2814,154.5,Mercer,NJ
2815,152.4,Middlesex,NJ
2816,161.2,Monmouth,NJ
2817,140.0,Morris,NJ
2818,200.1,Ocean,NJ
2819,158.3,Passaic,NJ
2820,219.7,Salem,NJ
2821,132.8,Somerset,NJ
2822,175.0,Sussex,NJ
2823,148.1,Union,NJ
2824,180.8,Warren,NJ
2825,184.5,Allegany,NY
2826,171.9,Broome,NY
2827,226.3,Cattaraugus,NY
2828,172.1,Cayuga,NY
2829,205.1,Chautauqua,NY
2830,206.1,Chemung,NY
2831,247.2,Chenango,NY
2832,158.1,Cortland,NY
2833,197.3,Delaware,NY
2834,177.7,Erie,NY
2835,173.9,Franklin,NY
2836,203.7,Fulton,NY
2837,170.4,Genesee,NY
2838,196.3,Greene,NY
2839,169.9,Hamilton,NY
2840,174.0,Herkimer,NY
2841,189.7,Jefferson,NY
2842,168.1,Lewis,NY
2843,133.6,Livingston,NY
2844,128.5,Madison,NY
2845,142.6,Monroe,NY
2846,200.7,Montgomery,NY
2847,215.1,Niagara,NY
2848,184.5,Oneida,NY
2849,153.8,Onondaga,NY
2850,140.6,Ontario,NY
2851,165.0,Orange,NY
2852,195.6,Orleans,NY
2853,198.1,Oswego,NY
2854,175.9,Otsego,NY
2855,236.2,Richmond,NY
2856,190.5,St. Lawrence,NY
2857,158.9,Schoharie,NY
2858,166.9,Schuyler,NY
2859,170.3,Seneca,NY
2860,181.1,Steuben,NY
2861,167.6,Sullivan,NY
2862,167.6,Tioga,NY
2863,140.2,Tompkins,NY
2864,164.3,Ulster,NY
2865,148.2,Wayne,NY
2866,183.2,Wyoming,NY
2867,145.7,Yates,NY
2868,177.9,Adams,PA
2869,185.7,Allegheny,PA
2870,186.3,Armstrong,PA
2871,191.7,Beaver,PA
2872,181.6,Bedford,PA
2873,174.5,Berks,PA
2874,199.1,Blair,PA
2875,185.3,Bradford,PA
2876,139.2,Bucks,PA
2877,169.5,Butler,PA
2878,190.3,Cambria,PA
2879,186.6,Cameron,PA
2880,187.0,Carbon,PA
2881,152.1,Centre,PA
2882,148.1,Chester,PA
2883,182.8,Clarion,PA
2884,190.2,Clearfield,PA
2885,218.2,Clinton,PA
2886,186.7,Columbia,PA
2887,191.7,Crawford,PA
2888,178.9,Cumberland,PA
2889,180.1,Dauphin,PA
2890,167.2,Delaware,PA
2891,170.7,Elk,PA
2892,162.4,Erie,PA
2893,228.7,Fayette,PA
2894,179.5,Forest,PA
2895,162.9,Franklin,PA
2896,190.3,Fulton,PA
2897,237.7,Greene,PA
2898,166.1,Huntingdon,PA
2899,176.1,Indiana,PA
2900,179.3,Jefferson,PA
2901,169.2,Juniata,PA
2902,217.0,Lackawanna,PA
2903,152.7,Lancaster,PA
2904,207.7,Lawrence,PA
2905,182.2,Lebanon,PA
2906,150.7,Lehigh,PA
2907,202.8,Luzerne,PA
2908,157.5,Lycoming,PA
2909,212.5,McKean,PA
2910,200.5,Mercer,PA
2911,165.3,Mifflin,PA
2912,174.3,Monroe,PA
2913,145.8,Montgomery,PA
2914,122.9,Montour,PA
2915,150.5,Northampton,PA
2916,204.1,Northumberland,PA
2917,175.7,Perry,PA
2918,207.8,Philadelphia,PA
2919,159.5,Pike,PA
2920,140.8,Potter,PA
2921,245.9,Schuylkill,PA
2922,143.8,Snyder,PA
2923,196.3,Somerset,PA
2924,186.3,Sullivan,PA
2925,182.1,Susquehanna,PA
2926,185.7,Tioga,PA
2927,147.4,Union,PA
2928,201.0,Venango,PA
2929,173.3,Warren,PA
2930,164.2,Washington,PA
2931,199.8,Wayne,PA
2932,178.3,Westmoreland,PA
2933,210.8,Wyoming,PA
2934,150.1,York,PA
2935,95.5,Arlington,VA
2936,177.0,Clarke,VA
2937,146.7,Culpeper,VA
2938,91.5,Fairfax County,VA
2939,135.5,Fauquier,VA
2940,144.8,Frederick,VA
2941,0.0,Highland,VA
2942,102.9,Loudoun,VA
2943,156.1,Madison,VA
2944,180.9,Page,VA
2945,105.2,Prince William,VA
2946,113.2,Rappahannock,VA
2947,137.5,Rockingham,VA
2948,138.6,Shenandoah,VA
2949,147.9,Stafford,VA
2950,175.2,Warren,VA
2951,113.2,Alexandria,VA
2952,169.4,Fairfax City,VA
2953,117.1,Falls Church,VA
2954,174.2,Harrisonburg,VA
2955,165.6,Manassas,VA
2956,70.9,Manassas Park,VA
2957,172.0,Winchester,VA
2958,162.0,Barbour,WV
2959,162.6,Berkeley,WV
2960,232.8,Brooke,WV
2961,168.8,Grant,WV
2962,160.1,Hampshire,WV
2963,257.9,Hancock,WV
2964,168.1,Hardy,WV
2965,209.2,Harrison,WV
2966,177.2,Jefferson,WV
2967,233.0,Lewis,WV
2968,255.6,Marion,WV
2969,172.8,Mineral,WV
2970,170.9,Monongalia,WV
2971,149.2,Morgan,WV
2972,117.5,Pendleton,WV
2973,149.8,Pocahontas,WV
2974,190.1,Preston,WV
2975,185.8,Randolph,WV
2976,183.1,Taylor,WV
2977,182.9,Tucker,WV
2978,193.1,Upshur,WV
2979,197.3,Webster,WV
2980,133.4,Fairfield,CT
2981,143.9,Hartford,CT
2982,148.5,Litchfield,CT
2983,138.1,Middlesex,CT
2984,147.4,New Haven,CT
2985,136.9,New London,CT
2986,150.9,Tolland,CT
2987,174.6,Windham,CT
2988,162.9,Androscoggin,ME
2989,129.9,Cumberland,ME
2990,150.8,Kennebec,ME
2991,162.3,Knox,ME
2992,152.5,Lincoln,ME
2993,137.3,Oxford,ME
2994,151.0,Sagadahoc,ME
2995,162.2,Waldo,ME
2996,126.3,York,ME
2997,132.4,Barnstable,MA
2998,151.0,Berkshire,MA
2999,149.8,Bristol,MA
3000,99.5,Dukes,MA
3001,133.9,Essex,MA
3002,148.3,Franklin,MA
3003,160.3,Hampden,MA
3004,139.1,Hampshire,MA
3005,120.4,Middlesex,MA
3006,141.2,Nantucket,MA
3007,123.8,Norfolk,MA
3008,139.8,Plymouth,MA
3009,116.3,Suffolk,MA
3010,144.8,Worcester,MA
3011,182.5,Belknap,NH
3012,136.7,Carroll,NH
3013,147.3,Cheshire,NH
3014,144.7,Grafton,NH
3015,150.2,Hillsborough,NH
3016,148.0,Merrimack,NH
3017,145.2,Rockingham,NH
3018,156.6,Strafford,NH
3019,143.0,Sullivan,NH
3020,147.8,Hudson,NJ
3021,167.5,Albany,NY
3022,193.4,Bronx,NY
3023,177.7,Columbia,NY
3024,179.2,Dutchess,NY
3025,142.1,Essex,NY
3026,193.5,Kings,NY
3027,185.3,Nassau,NY
3028,137.1,New York,NY
3029,157.1,Putnam,NY
3030,174.9,Queens,NY
3031,177.4,Rensselaer,NY
3032,142.9,Rockland,NY
3033,150.0,Saratoga,NY
3034,184.8,Schenectady,NY
3035,175.4,Suffolk,NY
3036,147.6,Warren,NY
3037,165.8,Washington,NY
3038,146.7,Westchester,NY
3039,143.1,Bristol,RI
3040,161.4,Kent,RI
3041,124.5,Newport,RI
3042,164.8,Providence,RI
3043,138.2,Washington,RI
3044,151.1,Addison,VT
3045,180.3,Bennington,VT
3046,167.7,Caledonia,VT
3047,122.9,Chittenden,VT
3048,133.8,Lamoille,VT
3049,162.4,Orange,VT
3050,179.8,Rutland,VT
3051,159.8,Washington,VT
3052,155.9,Windham,VT
3053,152.7,Windsor,VT
3054,150.4,Aroostook,ME
3055,141.7,Franklin,ME
3056,127.7,Hancock,ME
3057,160.0,Penobscot,ME
3058,186.5,Piscataquis,ME
3059,197.6,Somerset,ME
3060,188.4,Washington,ME
3061,220.0,Alcona,MI
3062,158.6,Alger,MI
3063,232.2,Alpena,MI
3064,166.3,Antrim,MI
3065,192.2,Baraga,MI
3066,168.0,Charlevoix,MI
3067,159.9,Cheboygan,MI
3068,168.5,Chippewa,MI
3069,176.4,Crawford,MI
3070,181.8,Delta,MI
3071,152.0,Dickinson,MI
3072,143.5,Emmet,MI
3073,199.4,Gogebic,MI
3074,149.2,Grand Traverse,MI
3075,173.7,Houghton,MI
3076,219.1,Iron,MI
3077,210.8,Kalkaska,MI
3078,157.7,Keweenaw,MI
3079,115.0,Leelanau,MI
3080,146.2,Luce,MI
3081,169.9,Mackinac,MI
3082,175.5,Marquette,MI
3083,203.3,Menominee,MI
3084,208.2,Montmorency,MI
3085,238.6,Ontonagon,MI
3086,222.7,Oscoda,MI
3087,183.3,Otsego,MI
3088,201.3,Presque Isle,MI
3089,170.9,Schoolcraft,MI
3090,140.8,Aitkin,MN
3091,100.4,Anoka,MN
3092,159.4,Carlton,MN
3093,137.5,Chisago,MN
3094,85.0,Cook,MN
3095,94.7,Dakota,MN
3096,101.9,Hennepin,MN
3097,136.5,Isanti,MN
3098,129.7,Kanabec,MN
3099,118.9,Lake,MN
3100,149.1,Mille Lacs,MN
3101,128.7,Pine,MN
3102,114.0,Ramsey,MN
3103,132.1,St. Louis,MN
3104,105.5,Scott,MN
3105,103.6,Washington,MN
3106,191.3,Coos,NH
3107,157.8,Clinton,NY
3108,136.9,Essex,VT
3109,180.6,Franklin,VT
3110,101.1,Grand Isle,VT
3111,171.1,Orleans,VT
3112,175.9,Ashland,WI
3113,161.1,Barron,WI
3114,122.1,Bayfield,WI
3115,147.4,Burnett,WI
3116,157.7,Chippewa,WI
3117,171.7,Clark,WI
3118,173.1,Door,WI
3119,136.2,Douglas,WI
3120,143.0,Dunn,WI
3121,157.6,Eau Claire,WI
3122,191.1,Florence,WI
3123,196.6,Forest,WI
3124,160.3,Iron,WI
3125,163.4,Langlade,WI
3126,167.3,Lincoln,WI
3127,152.0,Marathon,WI
3128,187.0,Marinette,WI
3129,178.7,Menominee,WI
3130,188.7,Oconto,WI
3131,165.8,Oneida,WI
3132,147.3,Pierce,WI
3133,159.5,Polk,WI
3134,204.1,Price,WI
3135,146.1,Rusk,WI
3136,117.2,St. Croix,WI
3137,186.0,Sawyer,WI
3138,161.1,Shawano,WI
3139,160.2,Taylor,WI
3140,187.9,Vilas,WI
3141,183.7,Washburn,WI
3142,147.0,American Samoa,AS
3143,0.0,Guam,GU
3144,169.6,Mariana Islands,MP
3145,112.3,Adjuntas,PR
3146,0.0,Aguada,PR
3147,0.0,Aguadilla,PR
3148,77.3,Aguas Buenas,PR
3149,116.7,Aibonito,PR
3150,105.9,Anasco,PR
3151,99.5,Arecibo,PR
3152,116.5,Arroyo,PR
3153,109.2,Barceloneta,PR
3154,73.2,Barranquitas,PR
3155,114.3,Bayamon,PR
3156,111.2,Cabo Rojo,PR
3157,0.0,Caguas,PR
3158,86.5,Camuy,PR
3159,110.9,Canovanas,PR
3160,96.2,Carolina,PR
3161,0.0,Catano,PR
3162,91.8,Cayey,PR
3163,83.2,Ceiba,PR
3164,116.2,Ciales,PR
3165,94.6,Cidra,PR
3166,152.7,Coamo,PR
3167,115.8,Comerio,PR
3168,0.0,Corozal,PR
3169,0.0,Culebra,PR
3170,108.4,Dorado,PR
3171,123.7,Fajardo,PR
3172,114.2,Florida,PR
3173,165.3,Guanica,PR
3174,112.1,Guayama,PR
3175,136.0,Guayanilla,PR
3176,100.3,Guaynabo,PR
3177,0.0,Gurabo,PR
3178,89.1,Hatillo,PR
3179,0.0,Hormigueros,PR
3180,106.2,Humacao,PR
3181,104.3,Isabela,PR
3182,137.5,Jayuya,PR
3183,124.4,Juana Diaz,PR
3184,110.3,Juncos,PR
3185,129.2,Lajas,PR
3186,145.9,Lares,PR
3187,152.0,Las Marias,PR
3188,93.3,Las Piedras,PR
3189,102.5,Loiza,PR
3190,98.3,Luquillo,PR
3191,113.8,Manati,PR
3192,77.7,Maricao,PR
3193,126.9,Maunabo,PR
3194,98.0,Mayaguez,PR
3195,121.9,Moca,PR
3196,81.4,Morovis,PR
3197,114.6,Naguabo,PR
3198,92.3,Naranjito,PR
3199,108.6,Orocovis,PR
3200,132.3,Patillas,PR
3201,173.8,Penuelas,PR
3202,0.0,Ponce,PR
3203,81.9,Quebradillas,PR
3204,92.7,Rincon,PR
3205,96.8,Rio Grande,PR
3206,124.1,Sabana Grande,PR
3207,114.4,Salinas,PR
3208,119.3,San German,PR
3209,0.0,San Juan,PR
3210,0.0,San Lorenzo,PR
3211,114.3,San Sebastian,PR
3212,134.2,Santa Isabel,PR
3213,99.5,Toa Alta,PR
3214,117.9,Toa Baja,PR
3215,0.0,Trujillo Alto,PR
3216,100.2,Utuado,PR
3217,74.4,Vega Alta,PR
3218,107.1,Vega Baja,PR
3219,0.0,Vieques,PR
3220,157.0,Villalba,PR
3221,82.6,Yabucoa,PR
3222,133.2,Yauco,PR
3223,0.0,Saint Croix (County Equivalent),VI
3224,0.0,Saint John (County Equivalent),VI
3225,0.0,Saint Thomas (County Equivalent),VI
